-- MySQL dump 10.13  Distrib 8.0.44, for Win64 (x86_64)
--
-- Host: 127.0.0.1    Database: cosmererpgtalentsprojecthapke
-- ------------------------------------------------------
-- Server version	8.0.44

/*!40101 SET @OLD_CHARACTER_SET_CLIENT=@@CHARACTER_SET_CLIENT */;
/*!40101 SET @OLD_CHARACTER_SET_RESULTS=@@CHARACTER_SET_RESULTS */;
/*!40101 SET @OLD_COLLATION_CONNECTION=@@COLLATION_CONNECTION */;
/*!50503 SET NAMES utf8 */;
/*!40103 SET @OLD_TIME_ZONE=@@TIME_ZONE */;
/*!40103 SET TIME_ZONE='+00:00' */;
/*!40014 SET @OLD_UNIQUE_CHECKS=@@UNIQUE_CHECKS, UNIQUE_CHECKS=0 */;
/*!40014 SET @OLD_FOREIGN_KEY_CHECKS=@@FOREIGN_KEY_CHECKS, FOREIGN_KEY_CHECKS=0 */;
/*!40101 SET @OLD_SQL_MODE=@@SQL_MODE, SQL_MODE='NO_AUTO_VALUE_ON_ZERO' */;
/*!40111 SET @OLD_SQL_NOTES=@@SQL_NOTES, SQL_NOTES=0 */;

--
-- Table structure for table `heroicpath`
--

DROP TABLE IF EXISTS `heroicpath`;
/*!40101 SET @saved_cs_client     = @@character_set_client */;
/*!50503 SET character_set_client = utf8mb4 */;
CREATE TABLE `heroicpath` (
  `HeroicPathID` smallint NOT NULL AUTO_INCREMENT,
  `HeroicPathName` varchar(15) NOT NULL,
  `StartingSkillName` varchar(10) NOT NULL,
  `KeyTalent` varchar(20) NOT NULL,
  PRIMARY KEY (`HeroicPathID`)
) ENGINE=InnoDB AUTO_INCREMENT=106 DEFAULT CHARSET=utf8mb4 COLLATE=utf8mb4_0900_ai_ci;
/*!40101 SET character_set_client = @saved_cs_client */;

--
-- Dumping data for table `heroicpath`
--

LOCK TABLES `heroicpath` WRITE;
/*!40000 ALTER TABLE `heroicpath` DISABLE KEYS */;
INSERT INTO `heroicpath` VALUES (99,'World Hopper','lore','Practiced Connection'),(100,'Agent','Insight','Opportunist'),(101,'Envoy','Discipline','Rousing Presenece'),(102,'Hunter','Perception','Seek Quary'),(103,'Leader','Leadership','Decisive Command'),(104,'Scholar','Lore','Erudition'),(105,'Warrior','Athletics','Vigilant Stance');
/*!40000 ALTER TABLE `heroicpath` ENABLE KEYS */;
UNLOCK TABLES;

--
-- Table structure for table `radiantpath`
--

DROP TABLE IF EXISTS `radiantpath`;
/*!40101 SET @saved_cs_client     = @@character_set_client */;
/*!50503 SET character_set_client = utf8mb4 */;
CREATE TABLE `radiantpath` (
  `RadiantPathID` smallint NOT NULL AUTO_INCREMENT,
  `RadiantOrderName` varchar(15) NOT NULL,
  `AssociatedSprenName` varchar(20) NOT NULL,
  PRIMARY KEY (`RadiantPathID`)
) ENGINE=InnoDB AUTO_INCREMENT=11 DEFAULT CHARSET=utf8mb4 COLLATE=utf8mb4_0900_ai_ci;
/*!40101 SET character_set_client = @saved_cs_client */;

--
-- Dumping data for table `radiantpath`
--

LOCK TABLES `radiantpath` WRITE;
/*!40000 ALTER TABLE `radiantpath` DISABLE KEYS */;
INSERT INTO `radiantpath` VALUES (1,'Dustbringers','Ashspren'),(2,'Edgedancers','Cultivationspren'),(3,'Elsecallers','Inkspren'),(4,'Lightweavers','Cryptic'),(5,'Skybreakers','Highspren'),(6,'Stonewards','Peakspren'),(7,'Truthwatchers','Mistspren'),(8,'Willshapers','Lightspren'),(9,'Windrunners','Honorspren'),(10,'Bondsmiths','Unique Spren');
/*!40000 ALTER TABLE `radiantpath` ENABLE KEYS */;
UNLOCK TABLES;

--
-- Table structure for table `skillprereqs`
--

DROP TABLE IF EXISTS `skillprereqs`;
/*!40101 SET @saved_cs_client     = @@character_set_client */;
/*!50503 SET character_set_client = utf8mb4 */;
CREATE TABLE `skillprereqs` (
  `TalentID` int NOT NULL,
  `SkillName` varchar(15) NOT NULL,
  `SkillRank` tinyint NOT NULL,
  PRIMARY KEY (`TalentID`,`SkillName`),
  CONSTRAINT `skillprereqs_ibfk_1` FOREIGN KEY (`TalentID`) REFERENCES `talent` (`TalentID`)
) ENGINE=InnoDB DEFAULT CHARSET=utf8mb4 COLLATE=utf8mb4_0900_ai_ci;
/*!40101 SET character_set_client = @saved_cs_client */;

--
-- Dumping data for table `skillprereqs`
--

LOCK TABLES `skillprereqs` WRITE;
/*!40000 ALTER TABLE `skillprereqs` DISABLE KEYS */;
INSERT INTO `skillprereqs` VALUES (2,'Deduction',1),(3,'Insight',2),(6,'Insight',2),(8,'Deduction',3),(9,'Deduction',3),(14,'Discipline',3),(18,'Insight',2),(19,'Deception',1),(22,'Insight',3),(24,'Deception',3),(26,'Insight',2),(31,'Thievery',3),(32,'Insight',3),(33,'Thievery',3),(35,'Dicipline',1),(37,'Discipline',2),(39,'Discipline',2),(41,'Discipline',3),(42,'Persuasion',3),(45,'Lore',1),(47,'Discipline',2),(48,'Discipline',2),(49,'Lore',3),(50,'Discipline',3),(52,'Leadership',1),(53,'Discipline',2),(56,'Leadership',2),(57,'Discipline',3),(58,'Leadership',3),(60,'Perception',2),(63,'Agility',1),(64,'Perception',3),(65,'Agility',2),(66,'Agility',3),(68,'Stealth',1),(69,'Perception',2),(70,'Perception',3),(71,'Stealth',2),(75,'Stealth',3),(76,'Survival',1),(78,'Perception',2),(81,'Survival',2),(82,'Survival',3),(83,'Perception',3),(85,'Leadership',2),(86,'Athletics',1),(87,'Athletics',2),(90,'Athletics',2),(91,'Athletics',3),(92,'Leadership',2),(94,'Persuasion',1),(95,'Persuasion',2),(97,'Persuasion',3),(98,'Leadership',2),(99,'Leadership',3),(101,'Deception',1),(106,'Leadership',3),(107,'Leadership',2),(108,'Deception',3),(110,'Deduction',1),(113,'Crafting',2),(115,'Crafting',3),(117,'lore',3),(118,'Crafting',1),(121,'Deduction',2),(122,'Lore',2),(124,'lore',3),(125,'Deduction',3),(126,'Medicine',1),(130,'medicine',2),(131,'Lore',2),(132,'lore',3),(133,'Medicine',3),(136,'Intimidation',1),(137,'Athletics',2),(140,'Intimidation',2),(141,'Athletics',3),(142,'Intimidation',3),(145,'Perception',1),(147,'Perception',2),(148,'Athletics',2),(149,'Perception',3),(150,'Athletics',3),(151,'Discipline',1),(153,'Athletics',2),(154,'Athletics',3),(155,'Discipline',2),(157,'Discipline',3),(188,'Cohesion',2),(189,'Cohesion',4),(207,'Gravitation',3),(221,'Progression',2),(224,'Progression',2),(225,'Progression',3),(232,'Tension',2),(243,'Transformation',2),(250,'Transportation',4),(255,'Level',2),(256,'Level',4),(257,'Level',8),(258,'Level',13),(264,'Level',2),(265,'Level',4),(266,'Level',8),(267,'Level',13),(268,'Abrasion',2),(268,'Progression',2),(273,'Level',2),(274,'Level',4),(275,'Level',8),(276,'Level',13),(277,'Transformation',2),(277,'Transportation',2),(282,'Level',2),(283,'Level',4),(284,'Level',8),(285,'Level',13),(291,'Level',2),(292,'Level',4),(293,'Level',8),(294,'Level',13),(300,'Level',2),(301,'Level',4),(302,'Level',8),(303,'Level',13),(304,'Cohesion',2),(304,'Tension',2),(309,'Level',2),(310,'Level',4),(311,'Level',8),(312,'Level',13),(313,'Illumination',2),(313,'Progression',2),(318,'Level',2),(319,'Level',4),(320,'Level',8),(321,'Level',13),(327,'Level',2),(328,'Level',4),(329,'Level',8),(330,'Level',13);
/*!40000 ALTER TABLE `skillprereqs` ENABLE KEYS */;
UNLOCK TABLES;

--
-- Table structure for table `talent`
--

DROP TABLE IF EXISTS `talent`;
/*!40101 SET @saved_cs_client     = @@character_set_client */;
/*!50503 SET character_set_client = utf8mb4 */;
CREATE TABLE `talent` (
  `TalentID` int NOT NULL AUTO_INCREMENT,
  `TalentName` varchar(50) NOT NULL,
  `TalentDescription` text NOT NULL,
  `ActionType` varchar(15) NOT NULL,
  `ActionCost` tinyint DEFAULT NULL,
  `FocusCost` tinyint DEFAULT NULL,
  `InvestitureCost` tinyint DEFAULT NULL,
  `FlavorText` text,
  `TalentBranchID` smallint DEFAULT NULL,
  PRIMARY KEY (`TalentID`),
  KEY `TalentBranchID` (`TalentBranchID`),
  CONSTRAINT `talent_ibfk_1` FOREIGN KEY (`TalentBranchID`) REFERENCES `talentbranch` (`TalentBranchID`)
) ENGINE=InnoDB AUTO_INCREMENT=336 DEFAULT CHARSET=utf8mb4 COLLATE=utf8mb4_0900_ai_ci;
/*!40101 SET character_set_client = @saved_cs_client */;

--
-- Dumping data for table `talent`
--

LOCK TABLES `talent` WRITE;
/*!40000 ALTER TABLE `talent` DISABLE KEYS */;
INSERT INTO `talent` VALUES (1,'Opportunist(Agent Key)','Once per round, when you roll a plot die, you can reroll that result. The original roll has no effect and you must use the new result.','Special',0,0,0,'You instinctively sense moments of consequence. In these moments where the scale teeters between disaster and glory, you can push yourself—and your luck—to tip the outcome in your favor.',NULL),(2,'Watchful Eye','When a willing ally you can influence within 20 feet of you rolls a plot die, you can use this reaction to use Opportunist on that plot die as if it were your own.','Reaction',0,0,0,'Allies can be an asset or a liability, so you keep an eye on them for their protection and yours.',1),(3,'Get\'Em Talking','Spend 1 focus to make a Deduction test against the Spiritual defense of a character you can influence. On a success, you learn the target’s motivation for being in the scene. Until the end of the scene, when you make a test to leverage this motivation against the target, you can raise the stakes.','Action',2,1,0,'With a leading question or cutting remark, you goad others into revealing their motives.',1),(4,'Quick Analysis','Spend 2 focus to gain |>|>, which you can only use to make cognitive skill tests via the following actions: Use a Skill, Gain Advantage, or an action from any Agent talent. During a conversation or endeavor, at the GM’s discretion, you can instead use both |>|> to make an additional contribution for the round.','Free Action',0,2,0,'Your mind quickly files and organizes data, and you swiftly act on that information while under pressure.',1),(5,'Baleful(Agent)','To resist your influence, a character must spend additional focus equal to your tier','Passive',0,0,0,'With a severe stare, you crack the resolve of all but the most composed adversaries.',1),(6,'Gather Evidence','After you succeed on a cognitive test against another character, you become Focused until the end of your next turn. Additionally, when you acquire this talent, gain a utility expertise in Legal Codes.','Passive',0,0,0,'Observing clues in your environment, you slowly but surely build a mental model of the mysteries before you.',1),(7,'Hardy','When you acquire this talent, your maximum and current health increase by 1 per level. This applies to all previous and future levels; for example, if you choose this talent at level 6, retroactively increase your health by 6.','Passive',0,0,0,'You’ve trained your body to endure pain and fatigue, keeping you in the fight until the bitter end.',1),(8,'Sleuth\'s Instincts','You gain an advantage on cognitive tests against a character whose motivation you know; you might learn this motivation from the Get’ Em Talking talent, or from other activities such as researching them. Additionally, after a character whose motivation you know lies to you, you automatically know they’re being deceitful (but not the nature of their lie).','Passive',0,0,0,'When cracking mysteries, you know that “why” can be as important as “who” or “how.” Once you understand motivations, other details easily fall into place.',1),(9,'Close the Case','Once per scene, spend 3 focus to make a Deduction test against the Cognitive defense of a character you can influence. You gain an advantage on this test if you know the target’s current motivation, and a disadvantage if you don’t. On a failure, the target gains an advantage on all tests against you until the end of their next turn. On a success, you influence the target to back down. They stop opposing your immediate aims in this scene and might even leave the scene. A target can resist this influence, but after they do, they gain a disadvantage on all tests until the end of their next turn.','Action',3,3,0,'You’ve compiled information on your target’s motive and circumstances. Now, by pressing on your target’s desires, weaknesses, or guilt, you can convince them to back down.',1),(10,'Change Form (Singer Key)','When you acquire this talent, you begin with two singer forms, dullform and mateform: Dullform. Your form isn’t specialized, as your bonded spren grants no form. You can pass unnoticed as a “parshman” in most human societies, but you don’t gain other benefits from your form. Mateform. You have bonded with a lifespren, and your form is specialized for reproduction.While outdoors during a highstorm, you can activate this talent either to change into dullform, or to take a spren into your gemheart and change into mateform or any form you’ve unlocked on the Singer talent tree. The type of spren bonded determines your new form. In most circumstances, you can automatically find and bond the type of spren required for that form. However, if the GM determines that current circumstances make the spren difficult to locate, you might need to roleplay or succeed on a test to do so. While in a form, you temporarily gain its actions, statistic increases, and other effects (even if this temporarily increases your statistics above the maximum); these effects only last until you assume a different form by using this talent again. You can only be in one form at a time.','Passive',3,0,0,'You learn to bond a spren during highstorms and change your form. This transformation alters not only your appearance, but your physical, cognitive, and spiritual strengths, and even your personality.',39),(11,'Forms of Finesse','You gain two new singer forms —artform and nimbleform— which you can transform into using your Change Form. Artform; You’ve bonded with a creationspren. While in this form, you increase your Awareness by 1, and you gain utility expertises in Painting and Music. Additionally, you gain an advantage on Crafting tests and on tests related to entertaining, such as singing and dancing. Nimbleform; You’ve bonded with a windspren. While in this form, your Speed increases by 1. When you change into this form, your maximum focus and current focus both increase by 2, and when you assume a different form, both decrease by 2.','Passive',0,0,0,'Artform specializes in creative expression. You gain a heightened awareness of the rhythms, colors, and other aspects of the world around you. If you have carapace, it’s purely cosmetic, representing radical self-expression. Nimbleform specializes in physical and mental flexibility. Your protective carapace is minimal; instead, you have an increased range of motion and mental focus.',39),(12,'Forms of Wisdom','You gain two new singer forms—mediationform and scholarform—which you can transform into using your Change Form. Mediationform; You’ve bonded with a bindspren. While in this form, your Presence increases by 1. Additionally, you don’t have to spend focus to use the Aid reaction. Scholarform; You’ve bonded with a logicspren. While in this form, your Intellect increases by 1. Additionally, when you adopt this form, choose one cultural or utility expertise you don’t already have, and choose one cognitive skill that isn’t a surge skill. You temporarily gain that expertise, and you temporarily gain an additional rank in that skill. If you gain the Erudition talent from the Scholar path, the expertise and skill rank you gain from your scholarform count as being granted by Erudition; when Erudition allows you to reassign expertises and skills, your scholarform expertise and skill are also eligible for reassignment. You can’t choose the same skill for both scholarform and Erudition.','Passive',0,0,0,'Mediationform specializes in communication, whether you’re connecting with new people or teaching those you know well. Your carapace is smooth, and your facial features are well-defined and expressive. Scholarform specializes in scholarship, enhancing your mental processes and memory. You become more patient and analytical, but you may also find yourself more inclined toward ambition. You have long hairstrands, and a cushioned lower body suited to sedentary work. ',39),(13,'Forms of Resolve','You gain two new singer forms—warform and workform—which you can transform into using your Change Form. Warform; You’ve bonded with a painspren. While in this form, your Strength increases by 1 and your deflect value increases by 1. This deflect doesn’t stack with armor, so if you wear armor over your carapace, choose which value to use. Additionally, when you move, you can jump a horizontal distance up to your movement rate, or a vertical distance up to half your movement rate, without succeeding on an Athletics test. Workform; You’ve bonded with a gravitationspren. While in this form, your Willpower increases by 1, and you ignore the effects of the Exhausted condition. Additionally, you can easily disguise yourself to pass unnoticed as a “parshman” in most human societies, though people might begin noticing the differences in your form if you’re caught doing anything suspicious.','Passive',0,0,0,'You’ve bonded with a gravitationspren. While in this form, your Willpower increases by 1, and you ignore the effects of the Exhausted condition. Additionally, you can easily disguise yourself to pass unnoticed as a “parshman” in most human societies, though people might begin noticing the differences in your form if you’re caught doing anything suspicious. Workform specializes in labor. This form helps you see tasks through to completion, granting you determination and stamina. You have a rugged body with modest carapace ridges.',39),(14,'Ambitious Mind','Though you haven’t yet bonded a Voidspren, Odium’s influence seeps into your mind, and your Cognitive defense increases by 2. If you later acquire a talent that grants you forms of power, you can then use your Change Form to attract a Voidspren. Bonding with this Voidspren follows the same rules as taking other forms. While bonded with a Voidspren, you become vulnerable to its influence; once per day when you gain a Complication on a test, you must succeed on a DC 15 Discipline test or become Stunned until the end of your next turn as you struggle against the Voidspren’s influence. You automatically succeed on this test if you’ve sworn the First Ideal of a Radiant order.','Passive',0,0,0,'Your growing thirst for power opens you to the influence of Odium.',39),(15,'Forms of Destruction','You gain two new forms of power—direform and stormform—which you can transform into using your Change Form. Direform; You’ve bonded with a callousspren, a type of Voidspren. While in this form, your Strength increases by 2 and your deflect value increases by 2. This deflect doesn’t stack with armor, so if you wear armor over your carapace, choose which value to use. Additionally, when a character triggers a Reactive Strike from you, you can use that reaction to attempt to Grapple them instead of attacking; when you do, you must spend 1 focus as usual for Reactive Strike. Stormform; You’ve bonded with a stormspren, a type of Voidspren. While in this form, your Strength increases by 1, your Speed increases by 1, and your deflect value increases by 1. This deflect doesn’t stack with armor, so if you wear armor over your carapace, choose which value to use. Additionally, you can use Unleash Lightning: |>|> Unleash Lightning. Your body crackles with the Everstorm’s unnatural red lightning, which you can unleash in a violent arc. Spend 1 focus or 1 Investiture to make a ranged Discipline attack against the Physical defense of a target within 60 feet of you. Roll 2d8 energy damage. On a hit, the target is also Disoriented until the end of their next turn. If you have recently taken on stormform, the GM might raise the stakes on this attack due to the unpredictability of the arcing lightning. As you gain ranks in Discipline, the size of this attack’s damage dice increases: at 4 ranks, you roll 2d10 damage (instead of 2d8), and at 5 ranks or more, you roll 2d12 damage.','Passive',0,0,0,'Direform specializes in unyielding strength and persistence, and this form is commonly used to guard objects or prisoners. You have substantial carapace with a jagged crest of spikes running along your head and shoulders. You’re inclined toward obedience to your superiors but obstinacy with others. Stormform is an elite battle form optimized for physical prowess and honed attacks. You’re covered in finesseenhancing armored carapace that grows under your skin, poking through in ridges and spikes. You can manipulate and unleash powerful red lighting on your foes.',39),(16,'Forms of Expansion','You gain two new forms of power—envoyform and relayform—which you can transform into using your Change Form. You’ve bonded with a zealspren, a type of Voidspren. EnvoyForm; While in this form, your Intellect increases by 1, your Presence increases by 1, and you can speak, read, write, and understand all languages. Additionally, you gain an advantage on Insight tests made to interpret the desires or intentions of others. Relayform You’ve bonded with a hastespren, a type of Voidspren. While in this form, your Speed increases by 2 and you ignore the effects of the Slowed condition. Additionally, when you make an Agility, Stealth, or Thievery test, you can spend 1 focus to gain an advantage on that test.','Passive',0,0,0,'Envoyform is an embellished form often used to serve the administrative needs of the Fused. Your tall form towers over others, and your ornate carapace is uniquely alluring. You comprehend any language after brief exposure and can grasp hidden context with the subtlest of cues. Relayform boasts speed and stamina ideal for scouts. Your agile and muscular body is protected in the front by light carapace with smooth edges, and aerodynamic spikes run along the backs of your forearms and calves. You can run great distances and avoid detection.',39),(17,'Forms of Mystery','You gain two new forms of power—decayform and nightform—which you can transform into using your Change Form. Decayform; You’ve bonded with a blightspren, a type of Voidspren. While in this form, your Willpower increases by 2 and you can use Decaying Touch: * Decaying Touch. Before a character within your reach recovers health or focus, you can spend 1 focus or 1 Investiture to prevent them from doing so. The character does not regain that health or focus, but any actions, Investiture, or other resources they spent still remain spent. Nightform; You’ve bonded with a nightspren, a type of Voidspren. While in this form, your Awareness increases by 1 and your Intellect increases by 1. When you change into this form, your maximum focus and current focus both increase by 2, and when you assume a different form, both decrease by 2. Additionally, your bond with a nightspren has granted you precognitive abilities—whether you wish them or not. While in this form, you gain the Intervening Premonitions and Sporadic Premonitions abilities: (react) Intervening Premonitions. At the start of each session, roll two d20s and record both results. When an enemy or willing ally you can sense makes a test, you can use this reaction to replace the test’s d20 roll with one of your recorded numbers. You can replace that number after you see their die roll and after they apply any advantages, but you must do so before the effects of the test are resolved. You lose a recorded number when you use it to replace a d20 roll or when the session ends, whichever comes first. * Sporadic Premonitions. At the GM’s discretion, you might occasionally receive glimpses of the future at unpredictable times during gameplay. When this happens, the GM might describe vague flashes of imagery, sounds, and impressions in your mind, hinting at what may come.','Passive',0,0,0,'The enigmatic decayform grants an insidious ability to sap the vitality of other beings. Your thin carapace is jagged, brittle, and asymmetrical. People you touch find themselves less resilient while you remain in contact with them. This spiritual decay affects not just their bodies, but their minds, leaving them with nightmares long after the fact. Nightform grants unpredictable visions of the future, and your senses become more acute, especially at night. Petal-like carapace grows from your skull, framing your ears and enhancing your ability to perceive rhythms. In various lights, your carapace reflects different iridescent patterns.',39),(18,'Sure Outcome','When you use your Opportunist talent, instead of rerolling the plot die, you can spend 2 focus to flip it to a specific result. If the die was showing (Opportunity), flip it to (Complication 4). If it was showing any (Complication), flip it to (Opportunity).','Special',0,2,0,'The best gamble is one that secretly isn’t a gamble at all. Your insight sometimes reveals that seemingly random events are part of someone’s plan.',2),(19,'Plausible Excuse','After you are discovered while hiding or otherwise skulking about, you can use this reaction and spend 2 focus to pass yourself off as doing something innocent. You influence each character who can sense you to believe your excuse. A character can resist this influence, but after they do, they lose additional focus equal to your ranks in Deception. Additionally, when you acquire this talent, gain a utility expertise in Sleight of Hand.','React',0,2,0,'Years of covert operations have taught you to dissemble on the spot, concocting a reasonable excuse for the most incriminating of behavior.',2),(20,'Collected(Agent)','When you acquire this talent, increase your Cognitive and Spiritual defenses by 2.','Passive',0,0,0,'You remain mindful of your immediate goals without losing sight of your deeper value, keeping you even-keeled amid chaos.',2),(21,'Cover Story','When you acquire this talent, you put the finishing touches on a false identity for yourself. Discuss the details of this identity with your GM, including which communities you use this identity to move through and what its reputation is within those communities. Additionally, when you acquire this talent, gain a cultural expertise relevant to your false identity’s culture.','Passive',0,0,0,'By spinning vague rumors into popular gossip, you’ve created a false identity to inhabit.',2),(22,'Subtle Takedown','Make an unarmed attack using Insight against the Cognitive defense of a character who is Surprised, doesn’t sense you, or doesn’t view you as a threat (such as if you’re disguised). The target must be your size or smaller. Raise the stakes on this attack test. On a hit, the target also can’t communicate until the end of their next turn. Also on a hit, you can spend an Opportunity to Grapple them as (free action), automatically succeeding on your test; while Restrained by this grapple, they are also Prone.','Action',2,0,0,'You swiftly strike at your target’s throat, knees, or another vulnerable area. Before the target can cry out, they are silenced.',2),(23,'Mighty(Agent)','When you hit with a weapon or unarmed attack, for each |> you used on that attack’s action, increase the damage you deal by 1 + your tier. For example, if you’re level 6 and you make an attack that costs |>|>, each |> deals an extra 1 + 2 damage, for a total of 6 damage.','Passive',0,0,0,'You deliver your swings, punches, and kicks with practiced efficiency.',2),(24,'Mercurial Facade','When you attempt to disguise yourself, you can use Deception instead of Thievery. You can do this even if you don’t have supplies for a physical disguise. The first character who sees through your disguise, or who you choose to surprise by revealing your identity, becomes Surprised until the end of your next turn.','Special',0,0,0,'You know poise is essential to any disguise, and you can change your perceived persona simply by altering your gait and presence.',2),(25,'High Society Contacts(Agent)','Prerequisite: Have a patron who is part of high society; When you make a test to interact socially in high society, you can spend 2 focus to add an Opportunity to the result. Additionally, when you acquire this talent, gain a cultural expertise in High Society.','Special',0,0,0,'Your patron’s name opens doors for you, even in unfamiliar places. By invoking their name or network in the right context, you can expand your influence even further.',2),(26,'Risky Behavior','Before you make a test, you can spend 1 focus to raise the stakes.','Special',0,1,0,'You know that risk and reward are inseparable traveling companions, and you love seeing where this pair takes you.',3),(27,'Cheap Shot','While you have a hand free, spend 1 focus to make an unarmed attack using Thievery against the Cognitive defense of an enemy of your size or smaller, raising the stakes when you do. On a hit, the target also becomes Stunned until the end of their next turn. On a hit or graze, you can also spend an Opportunity to steal one item on the target’s person that they aren’t holding or wielding. The exact item you can steal is up to the GM’s discretion.','Action',0,1,0,'You know exactly where to strike to leave your foe reeling in pain. Some might not view it as sporting, but it certainly works.',3),(28,'Double Down','After you use your Opportunist talent, you can reroll the die one additional time. You must use this final result, and if it includes a (Complication), you lose 2 focus.','Special',0,0,0,'When you decide to take a risk, you commit fully in pursuit of the greatest reward.',3),(29,'Surefooted(Agent)','When you acquire this talent, increase your movement rate by 10. Additionally, before you take damage from dangerous terrain or falling, reduce that damage by 2 × your tier.','Passive',0,0,0,'You move through treacherous terrain with confidence and speed.',3),(30,'Underworld Contacts','Prerequisite: Have a patron or follower who is a member of the criminal underworld; Before you make a test to interact socially with criminal individuals or groups, you can spend 2 focus to add an Opportunity to the result. Additionally, when you acquire this talent, gain a utility expertise in Criminal Groups.','Special',0,2,0,'When you travel in circles of ill repute, your patron or follower’s name carries remarkable weight.',3),(31,'Shadow Step','After you Disengage, you can spend 2 focus to make a Thievery test and compare the result against the Cognitive defense of each enemy who can sense you. You gain an advantage on this test if you’re in cover or an area where your target’s primary sense is obscured (such as darkness). If you succeed against an enemy, you’re hidden as if you’d succeeded on a Stealth test to hide from them.','Free Action',0,2,0,'You know every con artist’s trick for avoiding comeuppance, and you can slip from sight with ease.',3),(32,'Fast Talker','Spend 2 focus to gain |>|>, which you can only use to make spiritual skill tests via the following actions: Use a Skill, Gain Advantage, or an action from any Agent talent. During a conversation or endeavor, at the GM’s discretion, you can instead use both |>|> to make an additional contribution for the round.','Free Action',0,2,0,'Speaking quickly gets you out of trouble as often as it gets you into it, and you never miss a chance to get a word in edgewise.',3),(33,'Trickster’s Hand','Spend 2 focus to gain |>|>, which you can only use to make physical skill tests via the following actions: Use a Skill, Gain Advantage, or an action from any Agent talent. During a conversation or endeavor, at the GM’s discretion, you can instead use both |>|> to make an additional contribution for the round.','Free Action',0,2,0,'You execute your acts of skulduggery with such subtlety and dexterity that your marks struggle to follow.',3),(34,'Rousing Presence(Envoy Key)','Choose an ally you can influence. They become Determined until they benefit from that condition or until the scene ends.','Action',1,0,0,'With a gesture, a facial expression, or a few scant words, you inspire others to excel.',NULL),(35,'Steadfast Challenge','Spend 1 focus to make a Discipline test against the Spiritual defense of an enemy you can influence. On a success, they become Disoriented and gain a disadvantage on tests against you until the end of their next turn.','Action',1,1,0,'You stand firm, locking eyes with your opponent and speaking a challenge with unnerving calm.',4),(36,'Collected(Envoy)','When you acquire this talent, increase your Cognitive and Spiritual defenses by 2.','Passive',0,0,0,'You remain mindful of your immediate goals without losing sight of your deeper value, keeping you even-keeled amid chaos.',4),(37,'Withering Retort','Before a character you can sense targets you with an attack test, you can use your Steadfast Challenge as (reaction) . When you do, also increase your deflect value against this attack by your ranks in Discipline.','Reaction',0,1,0,'You unflinchingly face even the most violent of attacks.',4),(38,'Well Dressed(Envoy)','While visibly wearing Presentable armor or fashionable clothing, you gain an advantage on the first Deception, Leadership, or Persuasion test you make during each scene. Additionally, when you acquire this talent, gain a cultural expertise in Fashion.','Special',0,0,0,'You cleverly match your outfits to the occasion, always making the perfect statement.',4),(39,'Calm Appeal','When your Steadfast Challenge makes a character Disoriented, you can spend 1 focus to also pacify them until the end of this scene. A pacified character makes no attacks or similar hostile actions without provocation. However, if you or your ally attacks them or similarly acts hostilely, or if one of their allies suffers an injury or dies, the pacified character ceases to be pacified. Additionally, after a target resists the influence of your Steadfast Challenge, they lose additional focus equal to your ranks in Discipline.','Special',0,1,0,'You draw on your enemy’s innate desire to live and continue pursuing their goals. Sowing seeds of doubt, you encourage them to reach a compromise.',4),(40,'High Society Contacts(Envoy)','Prerequisite: Have a patron who is part of high society; When you make a test to interact socially in high society, you can spend 2 focus to add an Opportunity to the result. Additionally, when you acquire this talent, gain a cultural expertise in High Society.','Special',0,2,0,'Your patron’s name opens doors for you, even in unfamiliar places. By invoking their name or network in the right context, you can expand your influence even further.',4),(41,'Peaceful Solution','In combat, if all non-minion enemies are currently pacified (such as by Calm Appeal) and all other non-minion characters agree to cease hostilities, you can ease tensions. The combat immediately ends and becomes a conversation. At the GM’s discretion, you can use this talent in non-combat scenes.','Free Action',0,0,0,'The best battle is one you don’t have to fight. If your calm appeals meet willing hearts, you’d rather end the conflict peacefully',4),(42,'Practiced Oratory','When you use your Rousing Presence or Steadfast Challenge, you can spend focus up to your ranks in Persuasion to affect that many additional targets.','Special',0,0,0,'Thanks to your study of the history of rhetoric, you confidently craft your speeches for widespread appeal.',4),(43,'Customary Garb(Envoy)','While you’re visibly wearing Presentable armor or clothing appropriate for your station, your Physical and Spiritual defenses increase by 2.','Passive',0,0,0,'You’ve worn your uniform or traditional clothing for so long that it feels like a second skin, freeing your movements and granting you a deep well of confidence.',5),(44,'Galvanize','Once per scene, choose an ally you can influence. They can roll their recovery die (no action required) and recover focus equal to the result.','Action',2,0,0,'You speak to an ally with infectious fervor, renewing their focus on your shared goals.',5),(45,'Devoted Presence','When you use your Rousing Presence on one or more allies, you can spend 1 focus per target to remove any number of the following conditions from them: Prone, Slowed, Stunned, and Surprised.','Special',0,1,0,'Your words fill your compatriots with purpose, helping them shrug off discomfort or surprise.',5),(46,'Composed(Envoy)','When you acquire this talent, your maximum and current focus increase by a number equal to your tier. When your tier increases by 1, your maximum and current focus do as well.','Passive',0,0,0,'Through practiced composure, you push your limits without becoming distracted or losing track of threats.',5),(47,'Stalwart Presence','When you use your Rousing Presence, you can spend 1 focus to increase one of the target’s defenses (your choice) by 2 until the end of the next round.','Special',0,1,0,'Your words carry the certainty of your beliefs, bolstering the endurance of even those who don’t share your faith.',5),(48,'Applied Motivation','When you cause a character to recover focus, they recover additional focus equal to half your ranks in Lore (rounded up).','Passive',0,0,0,'You skillfully motivate others with your words to keep them focused on the goal.',5),(49,'Sage Counsel','After you use the Aid reaction on an ally, spend 1 focus to grant that ally the benefits of your Rousing Presence (no action required).','Special',0,1,0,'You offer reassuring guidance alongside physical assistance, making your allies confident of your approval.',5),(50,'Inspired Zeal','After an ally you can sense uses their Determined condition to add an Opportunity to a test, you can choose a number of other allies you can influence up to your ranks in Discipline. Each target recovers 1 focus (no action required).','Special',0,0,0,'When an ally achieves new heights, your proclamations of their success inspire those around you.',5),(51,'Sound Advice','After an ally you can influence fails a skill test, you can spend 1 focus to use your Rousing Presence on them as (reaction).','reaction',0,1,0,'You know failure can be an excellent teacher, but only if its origin is understood, so you encourage your allies to grow from their inevitable setbacks.',6),(52,'Practical Demonstration','After you succeed on a test to attack or Gain Advantage, you can use your Rousing Presence as (free action).','Free Action',0,0,0,'Your lessons are functional and direct, providing an excellent example for others to follow.',6),(53,'Lessons in Patience','After you use your Rousing Presence, the target recovers 1 focus. Additionally, when you acquire this talent, gain a utility expertise in Motivational Speech.','Passive',0,0,0,'Amid the uncertainties of life, you encourage others to slowly and persistently pursue their goals rather than push themselves to burnout.',6),(54,'Mighty(Envoy)','When you hit with a weapon or unarmed attack, for each |> you used on that attack’s action, increase the damage you deal by 1 + your tier. For example, if you’re level 6 and you make an attack that costs |>|>, each |> deals an extra 1 + 2 damage, for a total of 6 damage.','Passive',0,0,0,'You deliver your swings, punches, and kicks with practiced efficiency.',6),(55,'Instill Confidence','When you use your Rousing Presence, instead of the target becoming Determined, you can make them Focused until the end of the scene.','Special',0,0,0,'Your presence brings clarity and encouragement, keeping others focused on their goal.',6),(56,'Guiding Oration','After you succeed on a test to Gain Advantage, you can choose an ally you can influence within 10 feet of your target. Until the end of their next turn, that ally gains an advantage on their next test against your target.','Passive',0,0,0,'Your quick and effective communication enables your allies to make the most of your actions.',6),(57,'Foresight','At the beginning of combat and at the start of each of your turns, gain an additional (reaction).','Passive',0,0,0,'Through hard personal experience, you’ve learned to remain alert and aware even when your surroundings appear safe.',6),(58,'Rallying Shout','When you use your Rousing Presence, you can target an Unconscious ally you can sense. When you do, the target is no longer Unconscious, and if they have 0 health, they roll their recovery die and recover health equal to the result + your ranks in Leadership.','Passive',0,0,0,'Your words cut through pain, fatigue, and even unconsciousness, helping your allies regain their feet at critical moments.',6),(59,'Seek Quarry (Hunter Key)','After spending 1 minute mentally preparing, you choose a character who you can sense or who you’ve previously encountered. That character becomes your quarry until you choose to end this effect (free action) or select a new quarry. Additionally, you gain an advantage on tests made to find, attack, or study your quarry (such as the Gain Advantage action).','Special',0,0,0,'Once you’ve found your prey’s trail, you unrelentingly pursue them and study their movements across the harshest of terrain.',NULL),(60,'Tagging Shot','Move up to 5 feet and make a ranged weapon attack against the Physical defense of a target. On a hit or a graze, you also make the target your quarry for your Seek Quarry talent.','Action',3,0,0,'Your careful shot wounds your target, causing them to leave behind a trail of blood, staggering footprints, or other marks of passage.',7),(61,'Combat Training(Hunter)','Once per round, when you miss on a weapon attack, you can graze one target without spending focus. Additionally, when you acquire this talent, gain a weapon expertise and an armor expertise of your choice, and gain a cultural expertise in Military Life.','Special',0,0,0,'You’ve been trained in the basics of weaponry and elementary battle tactics.',7),(62,'Sharp Eye','After you observe your quarry for |>, or after you observe another character for at least 1 minute, make a Perception test against their Cognitive defense. On a success, you learn one of the following of your choice: ◆ The target’s lowest attribute score. ◆ The target’s lowest defense. ◆ Whether the target has lost more than half of their maximum health, focus, or Investiture (choose one).','Special',0,0,0,'Your practiced eye discerns the strengths and vulnerabilities of your foes—especially your chosen quarry.',7),(63,'Steady Aim','Until the end of your turn, both the short and long ranges of your ranged weapons increase by half, and when you hit with a ranged weapon attack, you deal extra damage equal to your ranks in Perception.','Action',1,0,0,'Your shot finds its mark even across dizzying distances.',7),(64,'Exploit Weakness','Use the Gain Advantage action as (free action), targeting only your quarry.','Free Action',0,0,0,'You study your quarry’s gait, posture, and movements, homing in on their weaknesses to bring them down for good.',7),(65,'Backstep','After you make a ranged attack, spend 2 focus to Disengage as (free action). If you then end your turn in cover or an area where your enemy’s senses are obscured, you gain the benefit of the Brace action.','Free Action',0,2,0,'You’ve learned to fire then fade into Roshar’s harsh battlefields, keeping a safe distance from heavily armed enemies who might force hand-to-hand combat.',7),(66,'Unrelenting Salvo','You can use the same ranged weapon to Strike against your quarry more than once a turn, instead of being limited to one Strike per hand.','Passive',0,0,0,'Drawing the bowstring with impressive speed, you fire again, using your first arrow’s path as your guide.',7),(67,'Hardy(Hunter)','When you acquire this talent, your maximum and current health increase by 1 per level. This applies to all previous and future levels; for example, if you choose this talent at level 6, retroactively increase your health by 6.','Passive',0,0,0,'You’ve trained your body to endure pain and fatigue, keeping you in the fight until the bitter end.',7),(68,'Startling Blow','Make an unarmed or improvised weapon attack against the Cognitive defense of a target of your size or smaller. On a hit or graze, the target also becomes Surprised until the end of your next turn.','Action',1,0,0,'You unexpectedly strike at your target’s weak point, dizzying your target and creating an opening for your next attack.',8),(69,'Killing Edge','When you acquire this talent, gain weapon expertises in Knives and Slings. Additionally, while you wield a knife or sling, it also has the Deadly and Quickdraw expert traits for you.','Passive',0,0,0,'Your simple weapons seem humble beside ancient relics or weapons of war, but in your hands, even a rusty knife or pitted sling is as deadly as the finest steel.',8),(70,'Fatal Thrust','Using a light weapon, make a melee attack against the Cognitive defense of a target who is Surprised, doesn’t sense you, or doesn’t view you as a threat (such as if you’re disguised). If this weapon has the Discreet trait, you gain two advantages on the test. When you roll damage for this attack, add an extra 4d4 damage, then count the number of your damage dice that rolled their maximum value (including your weapon’s usual damage plus the extra damage). For each die that rolled its maximum, your target must subtract 2 from any injury roll they make for that attack. For example, if you roll 1d6 plus 4d4, and two dice roll their maximum value—a 6 on your weapon’s d6 and a 4 on an extra d4—your target subtracts 4 from their injury roll. This talent becomes more powerful as your tier increases: at tier 3, you roll an extra 6d4 damage (instead of 4d4); at tier 4, you instead roll an extra 8d4 damage; and at tier 5, you instead roll an extra 10d4 damage.','Action',2,0,0,'You aim for your foe’s vitals with callous finesse, hoping to bring the fight to an end before it begins.',8),(71,'Shadowing','You gain an advantage on tests to avoid being sensed by your quarry, and your quarry gains a disadvantage on tests to sense you. Additionally, when you succeed on a test against an enemy’s Spiritual defense while you’re in cover or an area where your target’s senses are obscured, you can spend 3 focus to designate that target as your quarry for your Seek Quarry talent.','Special',0,3,0,'You silently skulk toward your target, using cover, crowds, or other camouflage to remain unseen until it’s too late.',8),(72,'Mighty(Hunter)','When you hit with a weapon or unarmed attack, for each |> you used on that attack’s action, increase the damage you deal by 1 + your tier. For example, if you’re level 6 and you make an attack that costs |>|>, each |> deals an extra 1 + 2 damage, for a total of 6 damage.','Passive',0,0,0,'You deliver your swings, punches, and kicks with practiced efficiency.',8),(73,'Cold Eyes','After you kill or incapacitate an enemy who is your quarry, you recover 1 focus and can designate another enemy you can sense as your quarry for your Seek Quarry talent. At the GM’s discretion, you might not be able to use this talent on some characters, such as those who pose no threat.','Passive',0,0,0,'As you eliminate one target, your gaze instinctively slides to the next threat.',8),(74,'Swift Strikes(Hunter)','Spend 1 focus to make a second Strike action witha hand you already used for a Strike this turn.','Action',1,1,0,'You instinctively follow the tempo of battle, keeping the pressure on your foes at critical moments.',8),(75,'Sidestep','Gain an additional (reaction) at the start of combat and at the start of each of your turns, which you can use only to Dodge. You can’t benefit from this talent while wearing armor with a deflect value of 2 or higher.','Reaction',0,0,0,'Sliding like a shadow, you flit past your foes’ strikes and evade blows that seem certain to connect.',8),(76,'Deadly Trap','Using foraged supplies or specialized equipment, you create and conceal a trap within your reach. Choose an entangling trap or an impaling trap: Entangling Trap (Survival vs. Cognitive defense). You create a trap with rope, debris, or other ensnaring objects. On a hit, the target takes 2d4 impact damage and becomes Immobilized for 1 round, then the trap’s area becomes difficult terrain until the end of the scene. Impaling Trap (Survival vs. Physical defense). You create a trap with caltrops, spikes, or other sharp objects. On a hit, the target takes 2d4 keen damage and becomes Afflicted [vital damage equal to 3 + your ranks in Survival] for 1 round, and you can spend (opportunity) to inflict an injury on the target. This trap covers a 5-foot-diameter circle on the ground or other surface concealing it; the trap remains until triggered, then it is expended. When a character touches this surface, the trap triggers. Make an attack using your Survival against the defense listed for that trap, gaining an advantage if the target is your quarry. On a hit, the target suffers the trap’s effects. This attack can’t graze. You can have a maximum number of active traps equal to your ranks in Survival. You can’t overlap the areas of active traps. If another character makes a test to search for or disarm a trap, the DC equals your Spiritual defense.','Action',2,0,0,'You know how to build traps and snares to catch wildlife—or even deadlier game!',9),(77,'Animal Bond','Prerequisite: Have an animal companion; When you acquire this talent, it upgrades an animal companion you’ve gained as a reward (see “Companions” in chapter 8). You can communicate simple concepts with your animal companion, and they generally attempt to help you as requested. When a scene requires their stat block, see appendix A, “Animal Companions.” Your animal companion alerts you of incoming danger. While you can sense them within 10 feet of you, each of your defenses increases by 1. When you move, your animal companion automatically moves alongside you. During combat, your animal companion follows the rules for allied NPCs (see “Rounds and Turns” in chapter 10). However, if your animal companion hasn’t yet acted this round, you can use (free action) to call on them to act during your turn. When you do, they gain either |> or ||> (your choice) to immediately use actions of your choice, then at the start of their next turn, they gain that many fewer |> than usual. In addition to the actions in chapter 10 and in your animal companion’s stat block, they can use the special Track action: |>|> Track. The animal companion helps their Hunter track one character of the Hunter’s choice who the animal companion can sense within their reach. The target becomes the Hunter’s quarry for their Seek Quarry talent. If your animal companion is reduced to 0 health, they don’t become Unconscious, but they stop fighting and retreat to safety. (However, your animal companion 96 Chapter 4: Heroic Paths can still die from injuries or for narrative reasons.) If you ever lose your animal companion, you can bond with a new animal at an opportunity the GM deems appropriate.','Special',0,0,0,'Your animal companion is more than just a friend or working beast—they’re your partner. They warn you of danger, anticipate your needs, and follow your commands…most of the time, anyway.',9),(78,'Experienced Trapper','When you forage as part of a short rest, it doesn’t take your full attention, so you can roll your recovery die or engage in other activities as usual. When you make a Survival test to forage for food and water, you automatically succeed as long as they exist in your environment and nothing prevents you from foraging. Your foraging can sustain a number of characters equal to your ranks in Survival. Additionally, after a long rest in the wilderness, you can fashion a tool from natural materials using your Survival modifier instead of Crafting (see “Crafting” in chapter 7). This foraged tool could be a spear, sling, tent, or another survival tool that can be made from materials found in the area, as determined by the GM. Finally, when you acquire this talent, the damage from your Deadly Traps talent increases from 2d4 to 2d6, and when that talent applies a condition, its duration increases from 1 round to 2 rounds.','Special',0,0,0,'You’re adept at living off the land, confidently hunting with your traps and foraging for resources.',9),(79,'Protective Bond','You assign your animal companion to protect an ally within 30 feet of you, and your animal companion moves to that ally’s side. While your animal companion remains within reach of the ally, you lose the bonus to your defenses from your Animal Bond, and the ally gains this bonus instead. You can end this effect as |> if you’re within 30 feet of your animal companion and can influence them, at which point the animal companion returns to your side. Otherwise, this effect ends at the end of the scene.','Action',1,0,0,'With a word or gesture, you command your animal companion to defend others.',9),(80,'Surefooted(Hunter)','When you acquire this talent, increase your movement rate by 10. Additionally, before you take damage from dangerous terrain or falling, reduce that damage by 2 × your tier.','Passive',0,0,0,'You move through treacherous terrain with confidence and speed.',9),(81,'Feral Connection','When you acquire this talent, your animal companion’s maximum and current health increase by 5 × your tier; when your tier increases, your animal companion’s health does as well. They also increase their Physical, Cognitive, and Spiritual defenses by 2 each. When your animal companion makes a test, they add a bonus equal to your ranks in Survival. Additionally, when you acquire this talent, gain a utility expertise in Animal Care.','Passive',0,0,0,'Your animal companion has grown strong under your care and has learned to trust your instincts as much as their own.',9),(82,'Hunter’s Edge','Your animal companion gains an advantage on tests against your quarry. Additionally, when you acquire this talent, the damage from your Deadly Traps talent increases from 2d6 to 2d8, and when that talent applies a condition, its duration increases from 2 rounds to 3 rounds.','Passive',0,0,0,'You put your traps and animal companion to best use, inflicting devastating wounds with all the tools in your arsenal.',9),(83,'Pack Hunting','When an ally in your line of effect attacks your quarry, you can use this reaction and spend 1 focus to add your ranks in Survival to either the result of their attack test or their damage roll (your choice).','Reaction',0,1,0,'Like a predator who hunts in groups, you expose your quarry’s weaknesses, enabling your allies to fight alongside you with terrifying coordination.',9),(84,'Decisive Command (Leader Key)','When you acquire this talent, gain a command die, which begins as a d4 and can increase to a maximum of d12. Spend 1 focus to choose an ally you can influence within 20 feet of you. The next time they make a test before the end of their next turn, they can roll your command die along with the other dice for that test. After rolling, they can choose one roll from that test, other than the plot die, and add the command die to it. Some Leader talents allow you to use your command die in other ways; you can do so even if an ally currently has a command die from you.','Action',1,1,0,'Your voice carries the certainty of steel and your tactical acumen is renowned. This battle-won wisdom benefits those who listen.',NULL),(85,'Combat Coordination','After you use the Strike action, use Decisive Command as (free action). If your Strike didn’t hit, you also don’t have to spend the usual focus for Decisive Command.','Free Action',0,0,0,'You lead through action, bolstering your allies with the momentum of your blows.',10),(86,'Valiant Intervention','Spend 1 focus to move up to 10 feet, then make an Athletics test against the Spiritual defense of an enemy you can influence. On a success, they gain a disadvantage on tests against your allies until the end of the target’s next turn. A target can resist this influence, but after they do, you gain an advantage on your next test against them until the end of your next turn.','Action',1,1,0,'You dauntlessly approach your opposition, daring them to ignore you at their peril.',10),(87,'Imposing Posture','After an enemy resists your influence while within your weapon’s reach, they become Disoriented until the end of their next turn.','Passive',0,0,0,'On and off the battlefield, your powerful physique sends a clear message to your foes.',10),(88,'Hardy(Leader)','When you acquire this talent, your maximum and current health increase by 1 per level. This applies to all previous and future levels; for example, if you choose this talent at level 6, retroactively increase your health by 6.','Passive',0,0,0,'You’ve trained your body to endure pain and fatigue, keeping you in the fight until the bitter end.',10),(89,'Mighty(Leader)','When you hit with a weapon or unarmed attack, for each |> you used on that attack’s action, increase the damage you deal by 1 + your tier. For example, if you’re level 6 and you make an attack that costs |>|>, each |> deals an extra 1 + 2 damage, for a total of 6 damage.','Passive',0,0,0,'You deliver your swings, punches, and kicks with practiced efficiency.',10),(90,'Resolute Stand','When you use your Valiant Intervention, you can spend focus up to your ranks in Leadership to target that many additional characters. Additionally, after you affect a target with Valiant Intervention, they can’t make Reactive Strikes against your allies until the end of that target’s next turn.','special',0,0,0,'You project resolve, and even powerful groups of opponents find it hard to focus their attention elsewhere.',10),(91,'Resilient Hero','Once per scene, before you are reduced to 0 health, you can use this reaction to instead change your health to equal your Athletics modifier.','Reaction',0,0,0,'You summon your last reserves and press forward despite grievous wounds.',10),(92,'Demonstrative Command','Before you make an Athletics, Agility, or Leadership test, you can spend 1 focus to roll your command die and add the result to your d20 roll. Additionally, when you acquire this talent, increase the size of your command die by one size (such as from a d4 to a d6).','Special',0,1,0,'You set an example from the front, applying your advice to your own actions.',10),(93,'Composed(Leader)','When you acquire this talent, your maximum and current focus increase by a number equal to your tier. When your tier increases by 1, your maximum and current focus do as well.','Passive',0,0,0,'Your practiced composure enables you to push yourself to impressive limits without becoming distracted or losing track of threats in your environment.',11),(94,'Through the Fray','Choose an ally you can influence within 20 feet of you. Before the end of your turn, they can use the Disengage or Gain Advantage action as (reaction).','Action',1,0,0,'You skillfully spot opportunities to gain the upper hand, coordinating with your allies as they spring into action.',11),(95,'Well Supplied','When you make a test to requisition or allocate resources, you can spend 2 focus to add an Opportunity to the result. Additionally, when you acquire this talent, gain a utility expertise in Military Logistics.','Special',0,2,0,'You adeptly move the wheels of the military machine, acquiring the supplies needed to keep your unit in fighting shape.',11),(96,'Customary Garb(Leader)','While you’re visibly wearing Presentable armor or clothing appropriate for your station, your Physical and Spiritual defenses increase by 2.','Passive',0,0,0,'You’ve worn your uniform or traditional clothing for so long that it feels like a second skin, freeing your movements and granting you a deep well of confidence.',11),(97,'Relentless March','After you use your Decisive Command on an ally, until the end of their next turn, their movement rate increases by 10 feet and they ignore the effects of the Exhausted, Slowed, and Surprised conditions.','Passive',0,0,0,'You invigorate your troops, helping them push through fear, pain, and exhaustion under the worst of conditions.',11),(98,'Confident Command','Before you make an Intimidation, Leadership, or Persuasion test, you can spend 1 focus to roll your command die and add the result to your d20 roll. Additionally, when you acquire this talent, increase the size of your command die by one size (such as from a d4 to a d6).','Special',0,1,0,'You deliver your words with care and conviction, letting them resound in the hearts of those under your command.',11),(99,'Synchronized Assault','Spend 2 focus to make a Leadership test against the Cognitive defense of an enemy you can sense. On a success, choose a number of allies up to your ranks in Leadership. On a failure, choose one ally you can influence. On the next turn of each of your chosen allies, they gain |> that can be spent only to Strike against that enemy. This Strike doesn’t count against their allowed number of Strike actions for the hands holding that weapon.','Action',3,2,0,'You observe a weakness in your enemy’s position, then direct your squad to focus their full power on a single crucial foe.',11),(100,'Authority','Your Leader talents that affect allies now have double the range (if they had one) and can affect up to twice as many allies as usual.','Passive',0,0,0,'Your command experience helps you coordinate larger groups across greater distances.',11),(101,'Cutthroat Tactics','Before an ally rolls your command die on a test, they can choose to instead raise the stakes on that test. If they do so and roll a Complication, you recover 1 focus.','Special',0,0,0,'You’ve learned to take risks if you want to get results. When briefing your allies, sometimes you downplay the danger to increase their confidence—and to increase the chances they’ll prevail.',12),(102,'Tactical Ploy','Make a Deception test against the Cognitive defense of an enemy you can influence. On a success, your target loses one (reaction) and gains a disadvantage on their next cognitive or spiritual test. A target can resist this influence, but after they do, you gain an advantage on your next test targeting them before the end of your next turn.','Action',1,0,0,'Through clever omissions and false implications, you undermine your enemy’s confidence and force them to question their own defenses.',12),(103,'Rumormonger','Prerequisite: Have a patron; When you make a test to spread misinformation or gather rumors, you can spend 2 focus to add an Opportunity to the result. Additionally, when you acquire this talent, gain a utility expertise in Scandal.','Special',0,2,0,'In social circles where rumors swirl and eddy, your patron’s name creates vast ripples.',12),(104,'Well Dressed(Leader)','While visibly wearing Presentable armor or fashionable clothing, you gain an advantage on the first Deception, Leadership, or Persuasion test you make during each scene. Additionally, when you acquire this talent, gain a cultural expertise in Fashion.','Special',0,0,0,'You cleverly match your outfits to the occasion, always making the perfect statement.',12),(105,'Baleful(Leader)','To resist your influence, a character must spend additional focus equal to your tier.','Passive',0,0,0,'With a severe stare, you crack the resolve of all but the most composed adversaries.',12),(106,'Set at Odds','Choose two or more characters you can influence and spend that many focus to seed division among them. Describe a potential source of conflict (such as suspicion or jealousy), then make a Leadership test (DC equals highest Spiritual defense among those targets). On a success, you influence each target to become hostile toward the other targets, which sparks an argument, combat, or other conflict until they find a way to resolve it. A target can resist this influence, but after they do, they lose additional focus equal to your ranks in Leadership. If only some of the targets resist influence, the others remain hostile, but their conflict might become easier to resolve.','Action',2,0,0,'Envy, greed, suspicion—to you, these are mere tools, useful for igniting rivalries between rival factions or dividing your foes in the heat of battle.',12),(107,'Shrewd Command','Before you make a Deception, Insight, or Leadership test, you can spend 1 focus to roll your command die and add the result to your d20 roll. Additionally, when you acquire this talent, increase the size of your command die by one size (such as from a d4 to a d6).','Special',0,1,0,'With a biting word or strategic glance, you cut to the heart of a conversation.',12),(108,'Grand Deception','Spend 3 focus to make a DC 15 Deception test. On a success, choose a detail you established since the start of the last scene and reveal that it was actually a ruse. This ruse must be plausible. For example, it’s reasonable to reveal you hid a powerful artifact in a different place than you previously said, or to reveal you moved your army east instead of west. It’s not reasonable to reveal that a mundane item is actually a priceless artifact, nor to suddenly declare you recruited an army when you previously said you had no allies in the region. The GM is the final arbiter of what sort of ruse you can reveal.','Action',3,3,0,'With great forethought and misdirection, you spread a rumor that even your allies assume to be true. When you later reveal the truth behind your ruse, your enemies are thrown into disarray.',12),(109,'Erudition (Scholar Key)','When you acquire this talent, you become adroit at mental organization. Choose one cultural or utility expertise you don’t already have, and choose two different cognitive skills that aren’t surge skills. When you make a test, you count as having the chosen expertise, and you count as having one additional rank of each of the chosen skills. You can use this talent to gain skill ranks even if they exceed your usual maximum for skill ranks. This talent’s expertise and skill ranks are temporary and don’t count toward prerequisites. After a long rest during which you had access to a library, you can reassign any expertises and skill ranks granted by this talent. Follow the same rules to choose them as you did when you gained this talent.','Special',0,0,0,'You’ve conditioned your mind to quickly assimilate, archive, and recall information. After brief but intensive study, you can navigate your newest areas of focus with impressive proficiency.',NULL),(110,'Efficient Engineer','When you acquire this talent, gain a utility expertise in Armor Crafting, Equipment Crafting, or Weapon Crafting. You also gain one of the following from chapter 7: ◆ An amplifying painrial ◆ A numbing painrial ◆ A pair of spanreeds plus an emotion bracelet Additionally, when you attempt to craft an item or invent a fabrial (see “Crafting” in chapter 7), your Opportunity range on those tests expands by 2, and any cost to acquire raw materials is reduced by half.','Passive',0,0,0,'Solid work begins with practice and fundamentals like measuring twice before each cut. You’ve put in the hours, sweat, tears, and occasional blood to learn the basic tricks of the tinkerer’s trade.',13),(111,'Prized Acquisition','When you acquire this talent, you gain a specialist expertise in Fabrial Crafting. Additionally, you gain a specially cut gemstone and can use it to craft a fabrial (see “Crafting” in chapter 7). The first time you attempt to craft a fabrial with this gem, you ignore the usual time requirements for attracting a spren and crafting the fabrial, thanks to previous study and tinkering, though you still need raw materials. This gem fulfills the gem requirement for a unique fabrial with a tier equal to your current character tier. You can’t bear to sell or trade this gem, as it is vital to your work! If for any reason you lose it, you can usually find an appropriate replacement after a long rest, though the GM is the final arbiter of when you can replace it. During downtime, you can salvage your fabrial to recover this gem, which you can then use in a new fabrial (ignoring the crafting rule that prevents the reuse of gems).','Special',0,0,0,'Through good fortune or hard work, you’ve acquired a gemstone of sufficient quality to practice crafting fabrials.',13),(112,'Deep Study','When you acquire this talent, your Erudition talent grants you one additional cultural or utility expertise, and it grants you two additional cognitive skills that aren’t surge skills. You can reassign these in the same way as the others you gained from that talent.','Passive',0,0,0,'Driven by academic inquiry, you love nothing more than getting lost in an archive of books, scrolls, and dusty secrets.',13),(113,'Inventive Design','When you craft a fabrial using your gemstone from your Prized Acquisition, you can select an effect of 1 tier higher than the tier you’re currently crafting.','Passive',0,0,0,'Your custom fabrials often integrate novel functionalities thanks to your deep knowledge of the stone with which you most commonly work.',13),(114,'Fine Handiwork','When you craft an item or invent a fabrial, you can spend one upgrade to apply an advanced feature, instead of spending two upgrades. You can only benefit from this talent once per item.','Special',0,0,0,'Your dedication to quality and love for innovation ensure that your designs stand out from the crowd.',13),(115,'Overcharge','Once per turn, when you make an attack test using a fabrial, you can raise the stakes. You can spend (opportunity) from this test to use the Strike action with that fabrial as (free action) on the same turn; that Strike doesn’t count against your allowed number of Strikes for the hands holding that weapon. The GM can spend (complication) from this test to add one new drawback to that fabrial. This drawback remains until you resolve the unexpected issue by succeeding on a DC 15 Crafting test made as |>|>.','Special',0,0,0,'You push fabrials to their limits, overcharging them beyond conventional use or safe practice.',13),(116,'Experimental Tinkering','When you craft an item or invent a fabrial, your Opportunity range on those tests expands by 1, and your crafting time is halved. Additionally, you can forgo the usual benefits of a long rest to instead spend that time tinkering with a fabrial that uses your Prized Acquisition gem. After that long rest, you can attempt to reconfigure this fabrial to create a different fabrial of the same tier or lower; this follows the normal crafting process, except you don’t need new materials and you ignore the usual time requirement for attracting a spren and crafting the fabrial. If you fail your Lore test to trap a spren, your previous fabrial remains intact, but you can’t use this talent to reconfigure a fabrial again until your next long rest. After you finish crafting a new fabrial using this talent, the old fabrial is lost.','Passive',0,0,0,'You’ve honed your instinct for when to sacrifice one feature to enhance another; after all, invention relies not only on ingenious breakthroughs, but also on carefully balanced tradeoffs.',13),(117,'Overwhelm with Details','Spend 2 focus to make a cognitive or spiritual test using your Lore modifier instead of the usual skill modifier for that test.','Special',0,2,0,'When speaking about a topic you’re passionate about, you do so with unsurpassed authority and at unmatched length. The uninitiated can rarely withstand such a torrent of information without becoming lost amid the data.',13),(118,'Strategize','After you succeed on a test to Gain Advantage using a skill gained from your Erudition, you can choose an ally you can influence. That ally gains the benefits of your Gain Advantage action instead of you. When you use this talent, you can also spend 2 focus to prevent the target of your Gain Advantage from using reactions against the ally you chose until the end of your next turn.','Special',0,2,0,'You carefully observe and assess your problem from novel angles, creating a cunning plan to remove an obstacle, gain the edge, or counter a foe’s next move.',14),(119,'Mind and Body','When you acquire this talent, your Erudition talent grants you an additional skill, and you can use Erudition to choose physical skills that aren’t surges. Additionally, gain one weapon expertise of your choice.','Passive',0,0,0,'You expand your intensive studies to include martial arts and fitness in addition to the cerebral arts.',14),(120,'Composed(Scholar)','When you acquire this talent, your maximum and current focus increase by a number equal to your tier. When your tier increases by 1, your maximum and current focus do as well.','Passive',0,0,0,'Through practiced composure, you push your limits without becoming distracted or losing track of threats.',14),(121,'Know Your Moment','After the beginning of each round, each of your defenses increases by 2 until the start of your turn.','Passive',0,0,0,'Conflict follows its own beat, rising and falling as powers struggle for dominance. Your knowledge of strategy, rhetoric, and history guides you on when to act for greatest effect.',14),(122,'Deep Contemplation','Reassign up to 2 of the skills and expertises gained from your Erudition.','Action',2,0,0,'You methodically search your mental archives for facts and information to help resolve your current situation.',14),(123,'Keen Insight','After you succeed on a test to Gain Advantage, you exploit one of your target’s crucial traits, strengths, or flaws. Unless the target resists your influence, they gain a disadvantage on their next test during this encounter.','Passive',0,0,0,'Everyone has weaknesses—and you have a knack for uncovering and exploiting them.',14),(124,'Contingency','After an ally you can influence within 20 feet of you rolls a Complication, you can use this reaction and spend 2 focus to remove a Complication from their test.','Reaction',0,2,0,'History is strewn with the debris of those who failed to learn from the past. You’re determined not to join them, so you prepare for anything that might derail your plans.',14),(125,'Turning Point','Once per scene, you can spend 2 focus to find a weakness in an opposing group’s strategy. Make a Deduction test against the Cognitive defense of the top-ranking enemy leader in this scene; to target this leader, you must be able to sense them. If you took a slow turn, you gain an advantage on this test. On a success, you and your allies you can influence gain an additional |> on your next turns.','Action',2,2,0,'Battles often pivot on a single crucial moment. Through studying the history of warfare, you learn to identify such opportunities and gain the upper hand.',14),(126,'Field Medicine','Spend 1 focus to make a DC 15 Medicine test to treat a conscious willing character within your reach, and roll the target’s recovery die as part of this test. You gain a disadvantage if you’re treating yourself. On a success, your target recovers health equal to the result of their recovery die + your ranks in Medicine. On a failure, your target only recovers health equal to the result of their recovery die.','Action',1,1,0,'You treat a minor wound by bandaging a gash, applying salves, or resetting a dislocated joint.',15),(127,'Emotional Intelligence','When you acquire this talent, your Erudition talent grants you an additional skill, and you can use Erudition to choose spiritual skills that aren’t surges. Additionally, you gain a utility expertise in Diagnosis.','Passive',0,0,0,'You hone your intuition and understanding of others, enabling you to spot easy-to-miss signs of hidden symptoms and complicated feelings.',15),(128,'Anatomical Insight','When you hit a target of your size or smaller with an unarmed attack, you can spend 1 focus or (opportunity) to apply the Exhausted condition to your target. The penalty applied by this condition equals half your ranks in Medicine, rounded up.','Special',0,1,0,'Your knowledge of anatomy aids you in striking vital points to incapacitate your enemies while minimizing permanent harm.',15),(129,'Collected(Scholar)','When you acquire this talent, increase your Cognitive and Spiritual defenses by 2.','Passive',0,0,0,'You’ve learned to be mindful of your immediate goals without losing sight of your deeper value, keeping you even-keeled amid chaos.',15),(130,'Swift Healer','You can use your Field Medicine as (free action). Additionally, when you acquire this talent, you become more skilled in healing. When you use an ability that restores health to another character, they recover additional health equal to your ranks in Medicine.','Free Action',0,0,0,'Your practiced hands quickly dress wounds, even as the tides of battle ebb and flow around you.',15),(131,'Applied Medicine','When you cause a character to recover health, they recover additional health equal to your ranks in Lore.','Passive',0,0,0,'You’ve studied chemistry, anatomy, social behavior, and much more. Thanks to this broad foundation, you practice the complex art of healing with flexibility and confidence.',15),(132,'Ongoing Care','You can forgo the usual benefits of a short or long rest to instead spend that time treating an ally within your reach. After that rest, make a DC 10 Medicine test, increasing the difficulty by 5 for each injury the target has beyond the first. On a success, you remove a single condition or similar effect caused by one of the target’s injuries (but the injury itself remains until healed). A target can’t benefit from this talent more than once every 24 hours. Additionally, when you acquire this talent, gain a utility expertise in Mental Health Care.','Special',0,0,0,'Medical care can be an arduous process that requires patience and periodic reassessment. You’ve studied the connection between physical and mental health, learning to support both on the long road to recovery.',15),(133,'Resuscitation','You can use your Field Medicine talent to attempt to resuscitate a fallen character. When you do, spend 3 focus (instead of 1) to target a character within your reach who is Unconscious or who died within a number of rounds equal to your ranks in Medicine. That talent’s test DC increases by 5 for each injury the target has beyond the first. On a failure, the target doesn’t regain health. On a success, the target recovers health as usual for that talent, and if they were dead, they return to life. If they were Unconscious, they can choose to remove that condition if they wish.','Special',0,3,0,'You quickly and efficiently treat a mortally wounded creature, seeking to pull them back from the brink by applying a tourniquet, administering an antidote, or even restarting failed organs.',15),(134,'Vigilant Stance (Warrior Key)','When you acquire this talent, you learn to use stances. You begin with Vigilant Stance, which you can enter as |>: Vigilant Stance. While in this stance, reduce the focus cost of your Dodge and Reactive Strike reactions by 1. Additionally, you can enter another stance you know as (free action). You can enter a stance you know by using that talent’s stated number of actions. Your stance ends if you either end it as (free action), enter another stance, or end the scene. While in a stance, you temporarily gain any actions, bonuses, and other effects it grants; these effects end when the stance does. By default, you can only use stances during combat, not during other scenes.','Action',1,0,0,'You study special fighting styles to face various foes and strategies. The most basic of these postures emphasizes alertness and quick responses to oncoming threats.',NULL),(135,'Practiced Kata','When you acquire this talent, you can use fighting stances in conversation and endeavor scenes, in addition to combat. Activating or changing a stance during a conversation or endeavor costs 1 focus and counts as your contribution for the round. Additionally, if you aren’t Surprised when a combat, conversation, or endeavor scene begins, you can enter Vigilant Stance at the beginning of that scene (no action required).','Special',0,1,0,'Your study of martial kata and other forms has taught you that your stance in conversation is as important as in battle. With practiced poise, you project the exact attitude you want through body language and positioning.',16),(136,'Flamestance','When you acquire this talent, you learn a new stance, which you can enter as |>: Flamestance. While in this stance, you gain an advantage on Intimidation tests. Additionally, while there is exactly one enemy within your reach and none of your allies are within the reach of that enemy or you, you can use (free action) to gain |>, which you can spend only to Gain Advantage or use an action that includes an attack test targeting that enemy.','Action',1,0,0,'You enter an aggressive, squared stance that favors swift flurries of decisive blows.',16),(137,'Ironstance','When you acquire this talent, you learn a new stance, which you can enter as |>: Ironstance. While in this stance, you gain an advantage on Insight tests. Additionally, when a character within your reach misses you or grazes you with an attack, you can use Reactive Strike against them as if they had voluntarily left your reach.','Action',1,0,0,'You hold your weapon high, prepared to deliver a crushing blow downward when your opponent shows weakness.',16),(138,'Signature Weapon','When you acquire this talent, gain one weapon expertise. Then choose one weapon type in which you have an expertise and denote it in parentheses after this talent’s name on your character sheet; for example, “Signature Weapon (Longspear).” Your Opportunity range for tests using this weapon type expands by 1. When you reach tier 3, this Opportunity range instead expands by 2.','Passive',0,0,0,'You have trained extensively with a particular weapon and can exploit all the advantages it offers.',16),(139,'Surefooted(Warrior)','When you acquire this talent, increase your movement rate by 10. Additionally, before you take damage from dangerous terrain or falling, reduce that damage by 2 × your tier.','Passive',0,0,0,'You move through treacherous terrain with confidence and speed.',16),(140,'Feinting Strike','Spend 2 focus to make a melee weapon attack against a target’s Cognitive defense. On a hit, your target also loses one (reaction)and loses focus equal to your ranks in Intimidation. On a graze, they lose half as much focus (rounded up) and don’t lose (reaction). You can spend (opportunity) from this test to gain |>|>, which you can use only to Strike or activate a stance.','Action',1,2,0,'You intimidatingly press your opponent’s defenses—and their nerves—hoping to expose a fatal gap.',16),(141,'Vinestance','When you acquire this talent, you learn a new stance, which you can enter as |>: Vinestance. Your Physical and Cognitive defenses increase by 1. Additionally, after you’re hit or grazed by a melee attack, you can use (reaction) to make an Athletics test against your attacker’s Cognitive defense. On a success, your target loses 1d4 focus, and you can push them horizontally up to 5 feet × your ranks in Athletics.','Action',1,0,0,'You assume a flexible stance, allowing you to quickly switch between inexorable advances and rapid reactions to wear down your foe.',16),(142,'Wit’s End','Spend 1 focus to move up to half your movement rate, then make a melee weapon attack against the Cognitive defense of a target who has 0 focus. This attack ignores your target’s deflect value and deals an extra 4d6 damage on a hit. It can’t graze, only miss or hit. This talent becomes more powerful as your tier increases: at tier 3, you roll an extra 6d6 damage (instead of 4d6); at tier 4, you instead roll an extra 8d6 damage; and at tier 5, you instead roll an extra 10d6 damage.','Action',2,1,0,'Battles are won and lost in moments of brief inattention or exhaustion. You create and exploit these opportunities, patiently waiting to vanquish your foe in a single stroke.',16),(143,'Shard Training','Prerequisite: Access to a Shardblade and Shardplate for training; Once per round, when you use the Strike action to attack with a Shardblade, you can choose a number of additional enemies up to your ranks in the skill you used for that Strike. Each target must be within your Shardblade’s reach. Without spending focus, you graze each additional target whose Physical defense is equal to or lower than your Strike’s test result. Additionally, when you acquire this talent, gain a specialist expertise in Shardplate, and gain a specialist expertise in either Grandbows, Shardblades, or Warhammers. Finally, while you wear Shardplate, it has 2 additional charges for you.','Special',0,0,0,'Given the rarity of Shardblades and Shardplate, it’s exceptionally difficult to acquire firsthand experience with these relics. You’ve managed this feat, learning to deal blows for maximum effect and to absorb strikes as efficiently as possible.',17),(144,'Stonestance','When you acquire this talent, you learn a new stance, which you can enter as |>: Stonestance. While in this stance, increase your deflect value by 1. Additionally, before an enemy within your melee weapon’s reach spends one or more |> to attack one of your allies not in Stonestance, that enemy must spend one additional |>.','Action',1,0,0,'You shift into a solid stance, delivering powerful blows without giving up ground to the enemy.',17),(145,'Windstance','When you acquire this talent, you learn a new stance, which you can enter as |>: Windstance. While in this stance, you gain an advantage on Agility tests. Additionally, while there are two or more enemies within your reach, you can use (free action) to gain |>, which you can spend only to Disengage or use an action that includes an attack test targeting one or more of those enemies.','Action',1,0,0,'You adopt a mobile stance that maximizes your area of attack, delivering wide sweeps that slash across groups of foes.',17),(146,'Mighty(Warrior)','When you hit with a weapon or unarmed attack, for each |> you used on that attack’s action, increase the damage you deal by 1 + your tier. For example, if you’re level 6 and you make an attack that costs |>|>, each |> deals an extra 1 + 2 damage, for a total of 6 damage.','Passive',0,0,0,'You deliver your swings, punches, and kicks with practiced efficiency.',17),(147,'Shattering Blow','When you hit a target with a melee attack, if you did so either with a two-handed weapon or with a hand free, you can spend 2 focus to hit with remarkable force. Before resolving that attack’s damage, if your target is wearing armor with charges (such as Shardplate), the armor loses 1 charge. After that attack, each target who lost health to your attack is pushed horizontally 5 feet away from you. If your Strength is greater than 5, they’re pushed an additional 5 feet for each additional point of Strength; for example, if your Strength is 7, they’re pushed an additional 10 feet, for a total of 15 feet. If your target hits a Medium or larger object during this forced movement, the target takes damage as if they’d fallen the distance they were pushed (1d6 impact damage per 10 feet); at the GM’s discretion, the object might also take damage.','Special',0,1,0,'Whether striking a barricaded door, a Shardbearer, or a hapless enemy on the field, you know how to break through weak points or send foes flying with a precise, two-handed blow.',17),(148,'Bloodstance','When you acquire this talent, you learn a new stance, which you can enter as |>: Bloodstance. While in this stance, your Opportunity range for attack tests and physical tests expands by 2, but your Physical, Cognitive, and Spiritual defenses decrease by 2.','Action',0,0,0,'You assume a reckless, violent stance that trades defense for deadly power.',17),(149,'Precise Parry','Before being hit by a melee attack, you can use this reaction and spend 1 focus to attempt to parry the blow. Depending on whether you’re unarmed or wielding a weapon, make one of the following tests: Unarmed. Make an Athletics test, gaining a disadvantage unless you’re being attacked with a Shardblade. You can spend (opportunity) to disarm your opponent, taking control of their weapon (and wielding it, if you desire). Wielding a Weapon. Make a Light Weaponry test or Heavy Weaponry test (using the skill corresponding to your weapon). If you’re wielding a Shardblade and if your opponent’s weapon is non-Invested, you can spend (opportunity) to destroy their weapon. The DC of this test equals the result of the attack test that hit you. On a success, the hit against you becomes a graze.','Reaction',0,1,0,'A Shardbearer must know when to deflect an oncoming blow, when to take it on their Shardplate, and when to evade. In extreme cases, a desperate fighter even might catch a Shardblade between their bare hands in a desperate maneuver called a lastclap.',17),(150,'Meteoric Leap','Spend 2 focus to leap up to a quarter of your movement rate, then make an unarmed attack against the Physical defense of each character of your choice within your reach. While wearing Shardplate, you gain an advantage on this test. Roll double the usual damage dice for this attack. On a hit, each target whose Strength score is lower than yours is also knocked Prone.','Action',2,2,0,'You vault aggressively above your foes and slam into them with your full weight—a leap made all the more terrifying by unyielding Shardplate.',17),(151,'Cautious Advance','Move up to half your movement rate, ignoring difficult terrain, then gain |>|> that can be spent only on the Brace or Gain Advantage actions.','Action',2,0,0,'You understand the hazards in your environment and the flow of battle, helping you find the safest path across the battlefield.',18),(152,'Combat Training(Warrior)','Once per round, when you miss on a weapon attack, you can graze one target without spending focus. Additionally, when you acquire this talent, gain a weapon expertise and an armor expertise of your choice, and gain a cultural expertise in Military Life.','Special',0,0,0,'You’ve been trained in the basics of weaponry and elementary battle tactics.',18),(153,'Defensive Position','The Brace action adds two disadvantages to attacks against you, instead of one. Additionally, while you’re using a shield to Brace, allies within 5 feet of you can Brace as if they had cover or a shield.','Passive',0,0,0,'You’ve learned when to withdraw and when to commit to a position, holding it unflinchingly.',18),(154,'Devastating Blow','Make a melee weapon attack against the Physical defense of a target. When you roll damage for this attack, add an extra 2d8 damage. This talent becomes more powerful as your tier increases: at tier 3, you roll an extra 3d8 damage (instead of 2d8); at tier 4, you instead roll an extra 4d8 damage; and at tier 5, you instead roll an extra 5d8 damage.','Action',2,0,0,'Delivering a fatal strike requires not only skill, but resolve. You’ve learned to set aside any natural aversion to harming others, and when you strike to kill, you do so without mercy or hesitation.',18),(155,'Formation Drills','While an ally within 10 feet of you benefits from the Brace action, they also benefit from your Defensive Position as if they had that talent themself.','Passive',0,0,0,'You coordinate your allies to march in a defensive formation with you.',18),(156,'Hardy(Warrior)','When you acquire this talent, your maximum and current health increase by 1 per level. This applies to all previous and future levels; for example, if you choose this talent at level 6, retroactively increase your health by 6.','Passive',0,0,0,'You’ve trained your body to endure pain and fatigue, keeping you in the fight until the bitter end.',18),(157,'Wary','While you have 1 or more focus, you can’t be Surprised. Additionally, when you resist influence or lose focus involuntarily, reduce the amount of focus lost by your ranks in Discipline (to a minimum of 1 focus lost).','Passive',0,0,0,'Through your experience living in dangerous locations, you’ve learned to stay focused and respond quickly to unexpected hazards.',18),(158,'Swift Strikes(Warrior)','Spend 1 focus to make a second Strike action with a hand you already used for a Strike this turn.','Action',1,1,0,'You instinctively follow the tempo of battle, keeping the pressure on your foes at critical moments.',18),(159,'Future Sight (Enlightened Key)','After a short or long rest or at the start of any scene, you can ask the GM for a vision of the future. If the GM deems an event in the near future to be important enough to trigger a vision, you have a vision. Most concern events within the next day, but events with wider-reaching implications might be seen earlier than that. At the GM’s discretion, they can have you make a Deduction test to determine how much you can see and understand; depending on the result, the GM might tell you what the vision reveals about upcoming events, or they might simply describe a jumbled vision with confusing glimpses that don’t grant useful information. The GM can spend (complication) from this test to secretly and randomly determine whether to give you true or false information. After you complete your goal to “Speak the First Ideal,” you gain access to the later talents on this talent tree.','Special',0,0,0,'As a Truthwatcher bonded to an Enlightened mistspren, you have enigmatic visions of the future, which are initially outside your control.',28),(160,'Glimpse the Future','Prerequisite: Speak the First Ideal(Enlightened); Once per round after you roll the dice for a test, you can spend 1 Investiture or more to reroll that many of the test’s dice. The original rolls have no effect and you must use the new result.','Special',0,0,1,'You have vague visions of future possibilities, giving you some sway to divert your Fortune.',28),(161,'Search the Past','Prerequisite: Speak the First Ideal(Enlightened); After a long rest, you can choose one past event you’ve either heard about or experienced, then make a Lore test. The DC is determined by how long ago the event took place, as shown on the Past Sight DC table. This DC is reduced by 10 if you’ve experienced the event before, whether in person or through a vision. On a successful test, you experience a vision of 10 minutes of the event as though you were there. If the event is one you’ve experienced before, you can choose to appear in a specific different location or time within that event. You are a passive observer in the vision, invisible, intangible, and otherwise unable to alter the course of the event in any way. (Past Sight DC chart in Handbook, p. 189)','Special',0,0,0,'You can attempt to direct your visions to see past events; the further back you look, the harder they are to glimpse.',28),(162,'Alter Fortune','Each time you finish a long rest, roll a number of d20s equal to 1 + your tier, and record each result. When an enemy or willing ally you can sense makes a test, you can use a reaction to replace the test’s d20 roll with one of your recorded numbers. You can replace that number after you see their die roll and after they apply any advantages, but you must do so before the effects of the test are resolved. You lose a recorded number after you use it to replace a d20 roll or after a long rest.','Reaction',0,0,0,'You use your glimpses of possibilities to control the outcome of events.',28),(163,'Vision Void','You and each ally within your spren bond range are immune to any enemy effect that would reroll or replace the result of any die rolled by you or those allies. Additionally, if you’re present in or strongly influencing an event, no enemy can ever see visions of that event, whether they’re viewing it as a future event or a past one.','Passive',0,0,0,'Thanks to your ability to see the future and change its course, you and your nearby allies create a black spot in the future sight of others.',28),(164,'Abrasion Surge','Radiant Orders: Dustbringer, Edgedancer. Activation: |> Spend 1 Investiture or more to infuse an object or portion of a surface within your reach, making it nearly frictionless; to do so, you must have a hand free and touch the target. This infusion uses 1 Investiture each round, and for the duration, the object or surface slides freely. This target can’t exceed the surge size for your ranks in Abrasion (see the Surge Scaling table at the beginning of this chapter). You can’t use this surge on other characters, Invested objects (like Shardplate), or objects that have been infused with Stormlight (like infused spheres or objects affected by surges). Alternatively, you can infuse your body with Abrasion, regardless of your size, spending 1 Investiture each round to maintain the surge. While infused, you can freely change which parts of your body are frictionless, and you can use Skate and Slide until the surge ends: (free action) Skate. You can skate across the ground as if it were ice. Spend 2 focus to Move (as ) in a straight line on the ground. You can accomplish this frictionless movement without practice—though you’ll need experience to do it gracefully! (passive) Slide. You instinctively remove friction from parts of your body to more easily slide over obstacles or escape bonds. You count as one size smaller when squeezing through spaces, and you gain an advantage on tests to escape restraints that hold you via friction or pressure.','Action',1,0,1,'',NULL),(165,'Frictionless Motion','While infused with Abrasion, your movement rate increases by 10 feet, and you ignore the Slowed condition when imposed by difficult terrain, climbing, crawling, and swimming.','Passive',0,0,0,'You become increasingly adept at using Abrasion to glide through your environment.',29),(166,'Reverse Abrasion','When you infuse an object or surface with Abrasion, you can choose to increase the infused target’s friction instead of reducing it, making it easier to grip and traverse. When a character interacts with such an object, they gain an advantage on Agility and Athletics tests made to do so. When a character moves across such a surface, they ignore any Slowed condition the surface would normally apply (such as due to climbing or difficult terrain).','Special',0,0,1,'Instead of making objects frictionless with Abrasion, you can now increase friction.',29),(167,'Graceful Skating','When you Skate, you aren’t restricted to moving in a straight line.','Passive',0,0,0,'You dynamically skate around the battlefield, easily slipping away from your foes.',29),(168,'Stormlight Reclamation(Abrasion)','After your infusions expend their infused Investiture at the start of your turn, you can end any number of those infusions within your reach, recovering all remaining Investiture they were infused with.','Free Action',0,0,0,'You can reclaim Stormlight from active infusions.',29),(169,'Slippery Target','While you are infused with Abrasion, attacks can’t graze you and Reactive Strikes against you gain a disadvantage.','Special',0,0,0,'You make yourself so slick that glancing and hasty blows slide right off you.',29),(170,'Distant Surgebinding(Abrasion)','You can use your surges and their talents as though your reach is 20 feet, and you don’t need to touch the target.','Passive',0,0,0,'You can infuse targets from a greater distance.',29),(171,'Slick Combatant','When you Skate or otherwise Move while infused with Abrasion, you can interrupt your movement at one or more points, use other actions as if you’d finished your Move, then use your remaining movement as if you were still in the middle of that Move action. Once per round, when you make a melee weapon attack after starting that Move but before finishing it, you can roll an extra 1d4 damage for that attack. The size of this die increases with your ranks in Abrasion: at 2 ranks, roll an extra 1d6 damage (instead of 1d4), and so on. However, if you add this damage die, the GM can spend C from the attack test to cause you to fall Prone and immediately end your Move action.','Special',0,0,0,'You are poetry in motion, able to perform nearly any feat without slowing down.',29),(172,'Smooth Operator','While you have 1 Investiture or more, you gain the benefits of being infused with Abrasion without spending Investiture, and it costs you 1 fewer focus to Skate.','Passive',0,0,0,'You’ve become so efficient at infusing yourself with Abrasion that it becomes subconscious, allowing you to slip around with effortless grace.',29),(173,'Adhesion Surge','Radiant Orders: Bondsmith, Windrunner. Activation: |> To perform a Full Lashing, spend 1 Investiture or more, infusing it into two unsecured objects within your reach and within 5 feet of each other; you must have a hand free and touch the targets. The infusion uses 1 Investiture each round, and the two objects become stuck together for the duration. Each object you target can’t exceed the surge size for your ranks in Adhesion (see the Surge Scaling table at the beginning of this chapter). If you wish, one of these two objects can instead be the ground, wall, ceiling, or similar surface; you can target this surface regardless of its size. You can’t use this surge on characters, Invested objects (like Shardplate), or objects that have been infused with Stormlight (like infused spheres or objects affected by surges).','Action',1,0,1,'',NULL),(174,'Stormlight Reclamation(Adhesion)','After your infusions expend their infused Investiture at the start of your turn, you can end any number of those infusions within your reach, recovering all remaining Investiture they were infused with.','Free Action',0,0,0,'You can reclaim Stormlight from active infusions.',30),(175,'Binding Strike','After you hit with a melee attack, you can spend (opportunity) or 2 focus to use Adhesion, infusing Investiture as usual but without spending an action. At least one target must be an object the target is holding or wearing, and you automatically succeed on the test to infuse it. As usual, the other object or surface must be within 5 feet of the first object, but you don’t need to touch it or have a hand free.','Special',0,2,1,'You can seamlessly use Adhesion while performing your melee attacks.',30),(176,'Distant Surgebinding(Adhesion)','You can use your surges and their talents as though your reach is 20 feet, and you don’t need to touch the target. (As usual, if you adhere two objects together, they must be within 5 feet of each other.)','Passive',0,0,0,'You can infuse targets from a greater distance.',30),(177,'Binding Shot','You can use Binding Strike when you hit with a ranged attack at any distance, and you don’t need to touch the infused targets or have a hand free.','Special',0,2,1,'You “paint” your ammunition with Adhesion before throwing or firing it at a target, transferring the infusion to one of your target’s possessions.',30),(178,'Extended Adhesion','When you perform a Full Lashing, instead of the infusion using 1 Investiture per round, it expends 1 Investiture per number of rounds equal to your ranks in Adhesion. For example, if you have 3 ranks in Adhesion, those infusions expend Investiture once every 3 rounds.','Passive',0,0,0,'Your Full Lashings use less Stormlight, allowing them to last much longer.',30),(179,'Adhesive Trap','When you use Adhesion, you can choose to infuse no objects, and instead only infuse a portion of one surface, up to the size you can affect with your ranks in Adhesion. When another character touches this infused area, they become subject to a Full Lashing with that surface for the duration of the infusion, and your test to Lash them in this way automatically succeeds. For example, a character becomes Lashed to the surface if they’re touching it when you infuse it, if they later touch it while moving through its space, or if they’re forcibly moved into its space (such as with a gravitational Lashing).','Special',0,0,1,'You can infuse Adhesion into surfaces, causing anyone who touches them to become stuck.',30),(180,'Living Adhesion','You can use Adhesion on characters, making a test as if you were targeting an object in their possession. When you Lash a character to an object or surface that’s larger than them, that character becomes Restrained, they gain a disadvantage on all physical tests, and all attack tests against them gain an advantage.','Passive',0,0,0,'You can apply Adhesion directly to other living beings, sticking their bodies to surfaces.',30),(181,'Superior Bond','When a character attempts to break one of your Full Lashings, if their Strength attribute is lower than or equal to your ranks in Adhesion, you automatically succeed on the opposed test without either of you rolling.','Passvie',0,0,0,'Your Full Lashings can be broken only by the strongest of individuals.',30),(182,'Cohesion Surge','Radiant Orders: Stoneward, Willshaper. Activation: |> Infuse 1 Investiture or more into an unattended object or portion of a surface within your reach that is made of stone; to do so, you must have a hand free and touch the target. This infusion uses 1 Investiture each round, and for the duration, the stone becomes moldable and soft like clay. When you activate this surge, you can immediately form the stone into a rough shape as part of that action, but any elaborate molding requires more time (see “Shaping Stone”). This object or portion of the surface can’t exceed the surge size for your ranks in Cohesion (see the Surge Scaling table at the beginning of this chapter). You can’t use this surge on characters, Invested objects (like Shardplate), or objects that have been infused with Stormlight (like infused spheres or objects affected by surges).','Action',1,0,1,'',NULL),(183,'Stone Spear','Spend 1 Investiture to make a ranged Cohesion attack against the Physical defense of a target within 60 feet of you, rolling 2d4 impact damage. On a hit, you can also spend (opportunity) to knock the target Prone. The size of this attack’s damage dice increases with your ranks in Cohesion; at 2 ranks, roll 2d6 (instead of 2d4), and so on.','Action',2,0,1,'You cause the surface of the stone to launch forward in tight pillars, solidifying mid-flight before slamming into your target.',31),(184,'Memories of Stone','Spend 1 Investiture to communicate for 1 round with stone you’re touching. The earth’s knowledge reaches far, including the area’s history and memories of nearby events, but it communicates in sculpted images and faint whispers that might be cryptic or incomplete. To interpret these communications, the GM might require you to succeed on a Cohesion test (DC determined by the GM). To communicate with the stone for more than 1 round, you must use this talent multiple times.','Action',2,0,1,'Your deepening knowledge of the earth allows you to commune with stone itself, gaining visions of things the stone has seen.',31),(185,'Sinkhole','Spend 1 Investiture and choose an area of stone ground of a size you can affect with your ranks in Cohesion. Then choose one or more characters who are touching the ground in that area. Make one Cohesion test and compare the result to the Cognitive defense of each chosen character. If you succeed against a target, they sink into the ground and are Immobilized as you resolidify the rock. (See “Using Cohesion” for rules on escaping.)','Action',1,0,1,'You cause the ground to soften so quickly that it can catch anyone standing in it by surprise.',31),(186,'Tunneling','Spend 1 Investiture to infuse yourself with Cohesion. For the duration, you can move through stone surfaces and objects as if moving through difficult terrain. You leave a 5-foot-radius tunnel in your wake through which others can follow. At the start of each of your turns, you can spend 1 Investiture as (free action) to maintain this infusion. If you create tunnels near the surface, an observant character might detect ripples from the diverted material, potentially sensing your presence.','Action',1,0,1,'You infuse yourself with Cohesion to shift stone from your path as you move.',31),(187,'Through the Stone','You can use your surges and their talents as though your reach is 20 feet, as long as there is a stone surface between you and your target that you can touch.','Passive',0,0,0,'When you touch stone, you can sense and use your Cohesion through it from a much greater distance.',31),(188,'True Stoneshaping','When you use Cohesion to shape an object or surface, you can automatically reshape it to your will without using additional actions or time. For example, you can instantly raise or lower elevation, form walls or pillars, create or remove difficult terrain, or create intricate shapes or images.','Passive',0,0,0,'You no longer simply soften stone—you assert your will on it, molding it into complex shapes with a mere command.',31),(189,'Unbound Cohesion','You can use Cohesion and its talents not only on stone, but on any solid material that isn’t alive, Invested, or infused with Stormlight.','Passive',0,0,0,'Your Stoneshaping transcends a singular medium, allowing you to soften and shape nearly any material.',31),(190,'Flowing Earth','After you use Cohesion or spend at least |> on one of its talents, you can shape the stone beneath your feet without spending additional Investiture to do so. The stone pushes you up to 5 feet × your ranks in Cohesion, and you can choose to be pushed in any direction, such as rising upward on a pillar. This movement doesn’t trigger Reactive Strikes.','Special',0,0,0,'Shaping stone with Cohesion has become so natural that you can mold the ground beneath your feet as you actively sculpt other stone.',31),(191,'Division Surge','Radiant Orders: Dustbringer, Skybreaker Activation: |>|> You can use this surge to decay a character, object, or area within your reach. You must have a hand free and touch the target. Targeting a Character. You can target a character regardless of their size. Spend 1 Investiture to make a melee Division attack against the Spiritual defense of the target, rolling 3d4 spirit damage. If this reduces the target to 0 health, they crumble into dust and die. The size of this attack’s damage dice increases with your ranks in Division; at 2 ranks, roll 3d6 (instead of 3d4), and so on. As usual, on a hit, add your Division modifier to damage, and on a miss, you can spend 1 focus to graze with the attack. Targeting an Object or Area. To destroy an object or the contents of an area, spend Investiture equal to the number of surge ranks required to affect a target of that size: 1 for Small, 2 for Medium, and so on. As usual, this object or area can’t exceed the surge size for your ranks in Division (see the Surge Scaling table at the beginning of this chapter), even if you have more Investiture than that. If you’re in combat or another tense situation, you must succeed on a Division test (see “Division Under Pressure” to determine the DC). On a success (or if you’re not under pressure), your target decays in a manner of your choosing. For example, you could crumble the object into dust, etch writing or art into the object, destroy parts of a object to form a smaller object, or create a smokescreen that lasts for 1 round in the destroyed object’s area. If you attempt elaborate etching or shaping in this way, it takes additional time and actions. Depending on complexity, the GM might also require a Division skill test (or increase the DC for that test). You can’t use this surge on Invested objects (like Shardplate) or objects that have been infused with Stormlight (like infused spheres or objects affected by surges).','Action',2,0,1,'',NULL),(192,'Bodily Decay','When you hit with a Division attack, you can spend (opportunity) to inflict an injury on one target of that attack.','Special',0,0,0,'You atrophy the bodies of your enemies, inflicting debilitating wounds.',32),(193,'Eroding Escape','Spend 1 Investiture or more to end that many effects on yourself or an ally within your reach. The chosen effects must either be applying the Immobilized or Restrained condition, or be adding a disadvantage to one or more physical tests. Depending on the effect’s source, this talent might not fully destroy the source at the GM’s discretion, but it creates space or opportunity for your target to move around it or free themself from its constraint. If the effect’s source remains at the end of the target’s next turn (such as when swimming or when wearing armor with the Cumbersome trait), the effect then reasserts itself.','Action',1,0,1,'Your ability to decay what you touch ensures you can’t be contained for long.',32),(194,'Igniting Division','When you affect a target with Division, you can spend 1 or more additional Investiture to cause that target to catch fire for a number of rounds equal to the Investiture spent. If you didn’t already have to make a Division test when you affected that target (see “Division Under Pressure”), you must succeed on one now to do so. For the duration, the target becomes Afflicted, and the area within 5 feet of the target is lit on fire and becomes dangerous terrain. Both effects deal energy damage equal to your Division modifier. At the GM’s discretion, the dangerous terrain can spread on subsequent rounds. The target or a character within reach of it can Use a Skill to make an Agility or Athletics test opposed by your Division. If they succeed, the target’s Afflicted condition ends early, but the ignited area continues to burn.','Special',0,0,1,'You can make anything burn, even materials that are usually nonflammable.',32),(195,'Spark Sending','You can use Division and its talents as though your reach is 20 feet, as long as there is a solid surface from you to your target (such as a wall or floor) along which you can send an entropic spark.','Passive',0,0,0,'You annihilate your targets from a distance by sending your entropic spark racing through a physical object, creating a chain reaction at its destination.',32),(196,'Gout of Flame','Spend 3 Investiture and choose an area up to one size larger than you can normally affect with your ranks in Division; if you already have 5 ranks in Division, you can instead affect an area up to 25 feet in each dimension. Make a Division attack against the Physical defense of each target who is at least partially within the chosen area, rolling 3d4 energy damage. The size of these damage dice increases with your ranks in Division; at 2 ranks, roll 3d6 (instead of 3d4), and so on.','Action',2,0,3,'You use Division to spray heat and flame across a wide area.',32),(197,'Inescapable Spark','You can use Division and its talents as though your reach equals your spren bond range. You still need a solid surface from you to your target (such as a wall or floor) along which you can send an entropic spark, but you don’t need line of effect to your target while you can sense them. Additionally, your target can\'t benefit from the Brace action against any of your Division attacks.','Passive',0,0,0,'You can send your spark to far greater distances, seeking out targets around corners and through walls and corners.',32),(198,'Devastating Division','When you roll damage for Division or its talents, roll an additional damage die of the same size.','Passive',0,0,0,'Your Division is especially potent and destructive.',32),(199,'Unleashed Entropy','It costs you one fewer |> to use Division (but not its talents). Additionally, your DCs on the Division Under Pressure table are reduced by 5.','Special',0,0,0,'You’ve grown so powerful that the ability to destroy everything around you is almost alarmingly easy.',32),(200,'Gravitation Surge','Radiant Orders: Skybreaker, Windrunner. Activation: |> To perform a Basic Lashing, spend 1 Investiture or more to infuse a character or object within your reach; you must have a hand free and touch the target. Your target can’t exceed the surge size for your ranks in Gravitation (see the Surge Scaling table at the beginning of this chapter). The infusion uses 1 Investiture each round, and for the duration, the target’s gravity changes directions (as described below in “Targeting a Character” and “Targeting an Object”). This change uses your gravitation rate, which begins at 25 feet. Your target doesn’t move fast enough to deal damage on impact. However, if a target is aloft when the surge ends, they fall and take the usual damage from the fall (see “Movement and Positioning” in chapter 10). Targeting a Character. You can target a willing character, granting them a flying rate equal to your gravitation rate for the duration. (For rules on flying, see “Movement and Positioning” in chapter 10.) Alternatively, you can infuse yourself with Gravitation regardless of your size, gaining the same flying rate and spending 1 Investiture each round to maintain the surge. To target an unwilling character, see “Gravitation on Others.” Targeting an Object. You can target an object, declaring a new direction for its gravity. At the start of each of your turns, after the infusion expends another 1 Investiture, move that object in a straight line up to your gravitation rate. You can’t use this surge on Invested objects (like Shardplate) or objects that have been infused with Stormlight (like infused spheres or objects affected by surges).','Action',1,0,1,'',NULL),(201,'Flying Ace','While maintaining a Basic Lashing on yourself, fly a distance up to your gravitation rate. Once during this movement, you can spend 1 focus to make a melee weapon attack as part of the same action. After resolving that attack, you can continue your movement. Additionally, when you acquire this talent, your gravitation rate increases to 40 feet.','Action',1,1,0,'You are a master of the skies, adeptly wielding your weapon while in flight.',33),(202,'Gravitational Slam','When you use a Basic Lashing to move an unwilling creature or object into a solid surface, the collision stops that movement early, and you can choose for the Lashed target to take 1d4 impact damage for every 10 feet they were moved with that Lashing on this turn. For example, if you moved them 25 feet then they collide with a wall, they take 2d4 impact damage. Your target can use the Avoid Danger reaction to make an Agility test opposed by your Gravitation, taking half as much damage on a success. The size of these damage dice increases with your ranks in Gravitation; at 2 ranks, roll 1d6 (instead of 1d4), and so on.','Passive',0,0,0,'Your Basic Lashings become more forceful and potentially dangerous on impact.',33),(203,'Stable Flight','While maintaining a Basic Lashing on yourself, your ranged attacks don’t gain a disadvantage due to flying or other causes of unstable footing.','Passive',0,0,0,'You’re an expert in launching attacks from afar in mid-flight.',33),(204,'Multiple Lashings','After you succeed on a Gravitation test to move an unwilling character, you can infuse them with an amount of Investiture up to your ranks in Gravitation (instead of only 1 Investiture). When you do, the effect continues until the infusion ends (instead of until the start of your next turn).','Special',0,0,0,'You can apply multiple Basic Lashings to an enemy.',33),(205,'Group Flight','While not in combat, when you spend 1 Investiture or more to infuse yourself or a willing character with a Basic Lashing, you can also infuse a number of additional willing characters up to your ranks in Gravitation. Each target must be within your reach. These infusions last for the duration of the original infusion and require no additional Investiture to create or maintain.','Passive',0,0,1,'You can infuse multiple allies with Gravitation at once.',33),(206,'Lashing Shot','You touch an unattended object of a size you can affect with your ranks in Gravitation, then you propel that object at a target in your line of effect, spending Investiture equal to the distance to that target divided by your gravitation rate (rounded up). Make a ranged Gravitation attack against the Physical defense of that target, rolling 2d4 impact damage. The size of these damage dice increases with your ranks in Gravitation; at 2 ranks, roll 2d6 (instead of 2d4), and so on.','Action',2,0,1,'You apply multiple Basic Lashings to an object, launching it with several times the force of gravity.',33),(207,'Aerial Squadron','You can use your Group Flight in combat','Passive',0,0,0,'You’ve trained your allies in aerial combat scenarios, readying them to fly together at a moment’s notice.',33),(208,'Master of the Skies','While you have 1 Investiture or more, you gain the benefits of being infused with Gravitation without spending Investiture. ','Passive',0,0,0,'You’ve become so efficient at infusing yourself with Gravitation that it becomes subconscious, allowing you to endlessly soar.',33),(209,'Illumination Surge','Radiant Orders: Lightweaver, Truthwatcher Activation: |> To Lightweave an illusion, spend 1 Investiture or more to infuse it into thin air in a space within your spren bond range. This illusion can’t exceed the surge size for your ranks in Illumination (see the Surge Scaling table at the beginning of this chapter). Lightweavings typically take the form of a three dimensional hologram representing a character, object, or phenomenon you’re familiar with. This illusion is composed of light, complete with animation and accompanying sounds produced by the vibrations of your bonded spren. Simple and Complex Illusions. If the illusion depicts a simple object with no sound or animations, the infusion uses 1 Investiture every 10 minutes. If the illusion depicts a character or more complex object, it instead uses 1 Investiture each round. For the duration, the illusion remains active even if you move out of range. You can move and control a complex illusion, as detailed in “Controlling Illusions.” Disguising Yourself. Alternatively, if you have 1 Investiture or more, you can use Illumination to create an illusory disguise on yourself without spending Investiture. This disguise lasts until you end it as (free action) or run out of Investiture. Deceiving Characters. If your illusion is a simple object or a disguise on yourself, it automatically convinces characters unless they have a reason to be suspicious. If you create a more complex illusion (such as disguising another character), the GM might require you to make an Illumination test against the Cognitive defense of any character who passively observes the illusion; on a success, your illusion is convincing to them. A character might decide to Use a Skill to scrutinize your illusion, especially if you fail the above Illumination test or if you or your allies roll a Complication on a related test. In this case, make an Illumination test opposed by the character’s Perception test. If their test result exceeds your own, they notice the illusion (see “Detecting Illusions” for the effects). You can make these tests to deceive characters even if that illusion is currently out of your spren bond range.','Action',1,0,1,'',NULL),(210,'Distracting Illusion','Spend 1 Investiture to Lightweave an illusory duplicate, either of yourself or an ally you can sense within your spren bond range. The illusion appears in that character’s space and moves with them. Attacks against that character gain a disadvantage and can’t graze. The illusion ends after an attack misses that character or at the end of the scene.','Action',1,0,1,'You create a moving, illusory copy of someone to distract your enemies.',34),(211,'Lingering Lightweavings','When you Lightweave an illusion, instead of creating it in thin air, you can instead infuse its Investiture in a sphere or unencased gem within 5 feet of that illusion. For the duration, the illusion moves with the gem; for example, an ally could carry this gem to extend the duration of an illusory disguise you created for them. Instead of the infusion expending 1 Investiture per round, it expends 1 Investiture per number of rounds equal to your ranks in Illumination; for example, if you have 3 ranks in Illumination, your infusions in spheres expend Investiture once every 3 rounds.','Special',0,0,1,'You infuse spheres with your Illumination, creating illusions that linger long after you’ve moved away.',34),(212,'Disorienting Flash','Spend 1 Investiture to project a burst of light in an area within your reach, up to the size you can create with your ranks in Illumination. Make one Illumination test and compare the result against the Cognitive defense of each character in that area. If you succeed against a target, they become Disoriented until the end of their next turn.','Action',2,0,1,'You create a brief burst of light and sound that attacks the senses of targets near you.',34),(213,'Stormlight Reclamation(Illumination)','After your infusions expend their infused Investiture at the start of your turn, you can end any number of those infusions within your reach, recovering all remaining Investiture they were infused with.','Free Action',0,0,0,'You can reclaim Stormlight from active illusions.',34),(214,'Spiritual Illumination','Spend 2 Investiture to create a momentary Lightweaving near an ally you can sense within your spren bond range. That ally becomes Determined and Focused until the end of their next turn.','Action',1,0,2,'You use Lightweaving to show your allies inspiring possibilities of who they could become.',34),(215,'Multiplicative Lightweaving','When you Lightweave an illusion, you can create a number of additional illusions up to your ranks in Illumination. These infusions last for the duration of the original infusion and require no additional Investiture to create or maintain.','Passive',0,0,0,'You effortlessly Lightweave multiple illusions at once.',34),(216,'Painful Truth','Spend 2 Investiture and make an Illumination test against the Spiritual defense of a target you can sense within your spren bond range. On a success, they stumble in shock, becoming Slowed until the end of their next turn. At the start of the target’s next turn, they must either spend focus equal to your ranks in Illumination to end this effect as , or immediately use the Move action to move as far as possible away from you.','Action',1,0,2,'You create a haunting image of who an enemy could have been if they’d taken a better path.',34),(217,'Endless Illusions','While you have 1 Investiture or more, each of your Illumination infusions within your spren bond range expends no infused Investiture at the start of your turn.','Passive',0,0,0,'You’ve become so efficient at powering your illusions that you can maintain them indefinitely.',34),(218,'Progression Surge','Radiant Orders: Edgedancer, Truthwatcher. Activation: |>|> You infuse life into a living thing other than yourself within your reach; you must have a hand free and touch the target. Plant Growth. If you target a living plant (or its seed) with Growth, spend 1 Investiture to cause it to rapidly grow to a size of your choice. This can’t exceed the surge size for your ranks in Progression (see the Surge Scaling table at the beginning of this chapter), nor the normal limits of the largest plants of its species. Character Regrowth. If you target a living character with Regrowth, infuse 1 Investiture or more into them. The infusion uses 1 Investiture each round, and for the duration, that character recovers health equal to 1d4 + your Progression modifier at the start of each of their turns. The size of this die increases with your ranks in Progression: at 2 ranks, roll 1d6 when recovering health (instead of 1d4), and so on.','Action',2,0,1,'',NULL),(219,'Injury Regrowth','Spend 2 Investiture to cause yourself or a willing character you touch to instantly recover from a temporary injury of the target’s choice, or spend 3 Investiture to recover from a permanent injury.','Action',2,0,2,'You use Regrowth to rapidly recover injuries, including permanent ones and missing body parts.',35),(220,'Explosive Growth','Spend 1 Investiture to use Growth in an area up to the size you can affect with your ranks in Progression. Make one Progression attack and compare the test result to the Physical defense of each character of your choice in that area. Roll 2d4 damage, dealing either impact or keen damage (whichever is logical for the grown plants). The size of this attack’s damage dice increases with your ranks in Progression; at 2 ranks, roll 2d6 (instead of 2d4), and so on. You can spend (opportunity) to cause any number of the targets you hit to become Immobilized until the end of your next turn.','Action',2,0,1,'You grow plants explosively, striking and ensnaring your enemies.',35),(221,'Swift Regeneration','When you use Regenerate, instead of recovering the normal amount of health, you can recover health equal to 1d6 + your Progression modifier. The size of this die increases with your ranks in Progression: at 3 ranks, roll 1d8 (instead of 1d6), and so on. Additionally, while you have 1 Investiture or more, you and any character infused with your Regrowth can add your Progression modifier to injury rolls.','Special',0,0,0,'You can heal yourself with greater efficiency and make those infused with your Regrowth more resistant to injury.',35),(222,'Overgrowth','When you infuse Growth into a plant, you can make a DC 15 Progression test as part of that action. On a success, you cause the plant to grow beyond its species’ normal limits, up to the surge size for your ranks in Progression, and the plant’s current and total health increase by 2d4. The size of these dice increases with your ranks in Progression; at 2 ranks, roll 2d6 (instead of 2d4), and so on.','Passive',0,0,0,'You persuade plants to grow beyond their normal size and shape.',35),(223,'Extended Regrowth','When you infuse Regrowth into a character, instead of the infusion expending 1 Investiture per round, it expends 1 Investiture per number of rounds equal to your ranks in Progression. For example, if you have 3 ranks in Progression, those infusions expend Investiture once every 3 rounds.','Passive',0,0,1,'Your Regrowth infusions expend Stormlight far less quickly.',35),(224,'Reliable Progression','When you roll a die whose size increases with your ranks in Progression (such as when using the Explosive Growth, Overgrowth, and Swift Regeneration talents) or when a willing character rolls a die to recover health from your Regrowth, if the die rolls a number lower than your ranks in Progression, you can change that result to instead equal your ranks in Progression (no action required).','Special',0,0,0,'Through adept control of your Stormlight, your Growth and Regrowth become even more dependable.',35),(225,'From the Brink','Spend 3 Investiture and touch the body of a character who died within the last minute. If the target is willing, they return to life Unconscious with 0 health.','Action',3,0,3,'You use Regrowth to pull someone back from the very edge of death.',35),(226,'Font of Life','It costs you one fewer |> to use Progression and its talents.','Passive',0,0,0,'You’ve grown so powerful that growth and healing flow from you with incredible speed.',35),(227,'Tension Surge','Radiant Orders: Bondsmith, Stoneward. Activation: |> To use this surge, spend 1 or more Investiture to infuse a soft object within your reach; you must have a hand free and touch the target. The infusion uses 1 Investiture each round, and for the duration, the object becomes completely rigid. This object can’t exceed the surge size for your ranks in Tension (see the Surge Scaling table at the beginning of this chapter). When you activate this surge, you can first form the soft material into a rough shape as part of that action, but any elaborate molding requires more time (see “Creating Objects and Weapons”). You can’t use this surge on characters, Invested objects (like Shardplate), or objects that have been infused with Stormlight (like infused spheres or objects affected by surges). Hardened Defense. When you infuse a soft material worn by you or a willing character, you can increase the wearer’s Physical defense by 2. Alternatively, before you infuse a material, you can wrap it around a character as part of that action, granting the same effect. A character’s Physical defense can’t benefit from more than one Tension surge at a time.','Action',1,0,1,'',NULL),(228,'Tension Parry','Before you or an ally within your reach is hit or grazed by an attack against Physical defense, you can use this reaction to infuse Tension into the target’s clothing or a soft material you wrap around the target, spending Investiture as usual. They gain the Hardened Defense effect, increasing their Physical defense by 2 for the duration, including against the triggering attack. If the attack hit, this increase can change it to a miss. If the attack grazed, the target ignores its effects.','Reaction',0,0,1,'You stiffen clothing to block incoming attacks.',36),(229,'Stormlight Reclamation(Tension)','After your infusions expend their infused Investiture at the start of your turn, you can end any number of those infusions within your reach, recovering all remaining Investiture they were infused with.','Free Action',0,0,0,'You can reclaim Stormlight from active infusions.',36),(230,'Rigged Weaponry','While wielding a melee weapon and holding cloth or other flexible object that’s at least 10 feet long, you can spend 1 Investiture as (free action) to increase the weapon’s reach by 10 feet until the end of your next turn. Additionally, after you hit a character with a melee attack, you can spend (opportunity) or 2 focus to use Tension on an object the target is holding or wearing, infusing Investiture as usual but without spending an action. You automatically succeed on the test to infuse it.','Special',0,2,1,'Dynamic use of Tension on cloth or rope allows you to augment your martial prowess.',36),(231,'Extended Tension','When you infuse Tension into an object, instead of the infusion expending 1 Investiture per round, it expends 1 Investiture per number of rounds equal to your ranksin Tension. For example, if you have 3 ranks in Tension, those infusions expend Investiture once every 3 rounds. Additionally, while you have 1 Investiture or more, you can maintain Tension infusions on objects you’re holding or wearing without either you or the infusion expending Investiture.','Passive',0,0,0,'Your infusions of Tension expend the Stormlight far less quickly.',36),(232,'Cloth Mastery','When you use Tension to create an object or weapon, you can automatically reshape it before it becomes rigid without using additional actions or time. When you do, you instantaneously mold the soft material into an object as elaborate, intricate, and complex as you wish. For example, you could turn a large tarp into a table or chair, shape a cloak around its wearer as a functioning suit of half plate, cause a grappling hook attached to a rope to secure itself to a ledge above, or create intricate shapes or images.','Passive',0,0,1,'As you infuse soft materials with Tension, they contort themselves into exactly what you envision.',36),(233,'Surface Tension','You can use Tension on liquid, affecting an area up to twice the size you can normally affect with your ranks in Tension. For the duration, this liquid’s surface tension increases and characters can walk on it like solid ground.','Passive',0,0,1,'You use Tension to solidify the surface of liquids into traversable ground.',36),(234,'Fine Control','Infuse 1 Investiture or more into an unattended object within reach that is of a size you can affect with Tension. Though the infused object isn’t a character, for the duration, its current and maximum health both increase to 5 × your ranks in Tension, and each of its defenses equals 10 + your Tension modifier. If the infused object is reduced to 0 health, the infusion ends early and the object breaks. Many Tension users infuse long pieces of cloth, rope, or other flexible material that they can control, effectively extending their range. On each of your turns for the duration, while touching part of one object you infused using this talent, you can move it up to 25 feet along surfaces (including ceilings) and can use it to interact with characters and other objects. You can use (free action) to have one infused object perform simple tasks like climbing a tree or opening a door. You can use |> to task one infused object with something that requires a test or your careful attention, such as attacking someone or writing a message. The object has no senses of its own and can’t act without your touch and direct control, so you can’t give it tasks that require senses or knowledge you don’t have. If the object’s task requires a test (such as an attack or Athletics test), you must be able to sense its target, and you use your Tension instead of that test’s usual skill. The object can make a melee attack using Tension against the Physical defense of a target within 5 feet of it, rolling 2d4 impact damage. The size of these dice increases with your ranks in Tension; at 2 ranks, roll 2d6 (instead of 2d4), and so on.','Action',2,0,1,'Your careful practice allows you to selectively change the rigidity of an object’s parts, allowing fine control much like the movement of muscles and tendons.',36),(235,'Clothsmith','When you infuse Tension to grant a character the Hardened Defense effect, their Physical defense increases by 4 (instead of 2). Additionally, when you temporarily create a weapon with Tension (see “Creating Objects and Weapons”), it gains an extra d4 damage die (for example, an axe created this way deals 1d6 + 1d4 keen damage). The size of this die increases with your ranks in Tension; at 2 ranks, the extra die becomes a d6 (instead of a d4), and so on.','Passive',0,0,0,'The impromptu weapons and armor you create with Tension are so powerful that they rival Shardblades and Plate.',36),(236,'Transformation Surge','Radiant Orders: Elsecaller, Lightweaver. Activation: |>|> To Soulcast a material, choose a non-living object or portion of a surface within your reach and make a Transformation test (see “Transformation DC” below). To do so, you must have a hand free and touch the target. This target can’t exceed the surge size for your ranks in Transformation. You can’t use this surge on Invested objects (like Shardplate) or objects that have been infused with Stormlight (like infused spheres or objects affected by surges). Additionally, you can’t initially Soulcast living materials, including characters and plants (though talents can allow you to do so). Transformation DC. Soulcasting one material into a similar one is relatively simple, but the more you change its Essence, the more skill is required. Each material falls into one of six categories: 1. Solids like metal, stone, and crystal 2. Organic matter like flesh, bone, and pulp 3. Liquids like blood, water, and oil 4. Vapors like smoke and gas 5. Clear air 6. Flame (only available to characters with the Flamecasting talent) Determine which category best corresponds to your original material, then choose what category you want to transform the material into. If you’re transforming it into a material no more than one category away, make a DC 10 Transformation test. This DC increases by 5 for each additional category away, as shown on the Transformation Difficulty Classes table; to use that table, find the cell that intersects with both your original material and your target material. For example, Soulcasting stone into metal is significantly easier (DC 10) than Soulcasting to create metal out of thin air (DC 25). Successful Transformation. On a successful Transformation test, you compel the material to transform. Spend Investiture equal to the ranks required to transform an object of that size: 1 Investiture for a Small object, 2 Investiture for a Medium one, 3 Investiture for a Large one, 4 Investiture for a Huge one, and 5 Investiture for a Gargantuan one. Your target transforms into that substance. Failed Transformation. On a failure, you don’t transform your target and you don’t spend Investiture on the attempt. Since you’ve failed to compel that material to transform, you can’t attempt to Soulcast that same object again during this scene. (Transformation DC chart located in Handbook, p. 234)','Action',2,0,1,'',NULL),(237,'Soulcast Defense','Before you or an ally within your reach is hit by a projectile from a ranged attack, you can use this reaction and spend 1 Investiture to make a Transformation test. The DC of this test equals the triggering attack’s test result; you can choose whether to use this reaction after you learn the DC. On a failure, the attack grazes instead of hitting. On a success, the attack instead misses and can’t graze, and you transform the projectile into a material of your choice. If you choose a non-solid material, this destroys the projectile.','Reaction',0,0,1,'You Soulcast near-instinctively, able to transform projectiles in flight.',37),(238,'Living Soulcasting','Spend 1 Investiture and make a melee Transformation attack against the Spiritual defense of a character, plant, or other living organism within your reach. Roll 3d4 spirit damage. The size of these damage dice increases with your ranks in Transformation; at 2 ranks, roll 3d6 (instead of 3d4), and so on. If this reduces the target to 0 health, they die, and you transform their body into your choice of material without spending additional actions or Investiture.','Action',2,0,1,'You’ve mastered the subtleties of affecting living flesh with Soulcasting.',37),(239,'Soulcast Parry','You can now use Soulcast Defense on melee weapon attacks as well as ranged ones.','Passive',0,0,1,'You can use Soulcasting to defend against even more immediate threats.',37),(240,'Bloodcasting','While touching a character, spend 1 Investiture and make a DC 15 Transformation test to cleanse their blood. On a success, the effects of any poison end for the target, and you can reduce the recovery time of one of their injuries by 5 days. The GM can spend (complication) from this test to reduce the target’s maximum health by twice their level until after the target’s next long rest.','Action',2,0,1,'You’ve practiced techniques for Soulcasting blood, allowing you to cleanse the body of poison and to speed recovery from injuries.',37),(241,'Distant Surgebinding(Transformation)','You can use your surges and their talents as though your reach is 20 feet, and you don’t need to touch the target.','Passive',0,0,0,'You can Soulcast from a greater distance.',37),(242,'Flamecasting','On your surge’s list of Soulcasting materials, you gain a sixth category called “Flame,” which follows the entry for “Clear Air.” When Soulcasting a material that’s five spaces away on this expanded list, the DC is 30 (such as when Soulcasting stone into flame). When you Soulcast an object into flame, the flames last for only a moment before dissipating. However, before they do, they can catch flammable objects on fire. Additionally, when you Soulcast an object into flame, use the result of that Transformation test to make an attack as (free action) against the Physical defense of each character within 5 feet of the Soulcast object. Roll 2d4 energy damage. The size of these damage dice increases with your ranks in Transformation; at 2 ranks, roll 2d6 (instead of 2d4), and so on.','Passive',0,0,0,'You’ve learned the difficult art of Soulcasting Essences directly into instantaneous bursts of flame.',37),(243,'Persistent Transformation','When transforming a non-living material, your Transformation test has a maximum DC of 15. Additionally, after you fail to Soulcast an object, you can attempt to do so again during the same scene. When you succeed on this test, you must spend 1 additional Investiture per time you failed to Soulcast that object during this scene; if you can’t spend that much Investiture, the object isn’t transformed.','Passive',0,0,0,'Your force of will is so great that objects have a hard time denying you.',37),(244,'Expansive Transmuter','When you Soulcast non-living material, reduce the Investiture cost by 2 (to a minimum of 1 Investiture). For example, it now costs you only 1 Investiture to Soulcast either a Small, Medium, or Large object.','Passive',0,0,0,'You’ve become so powerful that you can Soulcast larger objects with much greater efficiency.',37),(245,'Transportation Surge','Radiant Orders: Elsecaller, Willshaper.\nActivation: |>\nSpend 1 Investiture or more to look into the Cognitive Realm where it corresponds to your current location. This allows you to see the true nature of many things around you. For each Investiture you spend, you can use one of these effects within your spren bond range: Learn Emotions and Motives. You can observe what types of spren gather around people, helping you discern their true emotions or motives. This might grant you one or more advantages on a test to influence them, or you might learn their motive without an Insight test. Locate Characters. By watching the flames of other people and learning how to identify them, you can make a guess at their location in the Physical Realm (if they’re close enough for you to spot their flame in Shadesmar). Sense Investiture. Objects and people Invested with Stormlight or other Investiture can be seen in the Cognitive Realm, revealing their true nature. This might be a Fused, another Radiant, or an object like a Shardblade or a fabrial. Spotting and identifying some of these things can be difficult, and at the GM’s discretion, you might need to succeed on a Transportation test to do so.','Action',1,0,1,'',NULL),(246,'Cognitive Farsight','When you peer into the Cognitive Realm with Transportation, you can spot things up to a distance equal to 3 × your spren bond range. Additionally, while you have 1 Investiture or more, you always know both which direction is north and which direction you must travel to reach the nearest settlement or gathering of people.','Passive',0,0,0,'You can see greater distances into Shadesmar, and you can use it to orient yourself.',38),(247,'Realmic Evasion','Before you’re hit by an attack, you can use this reaction and spend 1 Investiture to make a Transportation test. The DC of this test equals the triggering attack’s test result; you can choose whether to use this reaction after you learn the DC. On a failure, the attack grazes instead of hitting. On a success, the attack instead misses and can’t graze.','Reaction',0,0,1,'You dodge danger, momentarily transporting yourself between the Physical and Cognitive Realms, then return after the danger has passed.',38),(248,'Cognitive Vision','The following entries are added to the list of things you can spot when you use Transportation to look into the Cognitive Realm: Learn Intent. Make a Transportation test as (free action) against the Cognitive defense of an enemy you can sense. On a success, you extrapolate their likely intentions based on the spren lurking around them, and you can share that information with your allies. That enemy gains a disadvantage on their next test against you or one of your allies. Locate Objects. By briefly reaching into Shadesmar, you can examine the various soul beads and their relative locations in the bead ocean. This might reveal nearby objects or other information about your immediate environment, depending on which beads you touch. As usual, spotting more difficult things might require a Transportation test at the GM’s discretion.','Passive',0,0,0,'You can glean even greater knowledge and spot even more hidden information when you peer into the Cognitive Realm.',38),(249,'Realmic Step','Make a DC 15 Transportation test. On a success, spend 2 Investiture to move through Shadesmar (along with each object you’re wearing or carrying), transporting yourself to an unoccupied space you can sense within your spren bond range. This movement doesn’t trigger Reactive Strikes. If you are on or above a large body of water, using this talent only costs 1 Investiture, as you don\'t have to shape the sea of beads beneath yourself to move around.','Action',1,0,2,'You briefly slip into the Cognitive Realm, run a short distance there, then reappear in the Physical Realm.',38),(250,'Shared Transportation','When you move yourself through Shadesmar with your Elsecalling or Realmic Step talent, you can spend additional Investiture to also transport willing characters within your reach, along with everything they’re wearing or carrying. Spend 1 Investiture per additional character you choose to transport.','Special',0,0,1,'You can keep your miniature perpendicularities open long enough to bring others along.',38),(251,'Elsecalling','Prerequisite: Speak the Third Ideal; You can transport yourself from the Physical Realm to the same location within the Cognitive Realm, or vice versa, along with each object you’re wearing or carrying. This movement doesn’t trigger Reactive Strikes. If you’re in the Physical Realm, spend 1 Investiture to transport yourself to the Cognitive Realm. Elsecalling in this way is simple, requiring no skill test. If you’re in the Cognitive Realm, make a DC 20 Transportation test. On a success, spend 2 Investiture to transport yourself to the Physical Realm. On a failure, you don’t spend Investiture or transport yourself; on a later turn, you can attempt to Elsecall again.','Action',2,0,1,'You temporarily open a miniature perpendicularity that allows you to travel between the Cognitive and Physical Realms.',38),(252,'Elsegate','Prerequisite: Speak the Fourth Ideal; After a long rest, you can instantly transport yourself and up to ten more willing characters, along with each object the targets are wearing or carrying. Choose an Oathgate platform or permanent perpendicularity you’ve visited before. After spending Investiture as described below, you and the other targets are transported to that destination. This Transportation requires significant Investiture; you must have infused spheres worth twice as many marks as the number of characters you’re transporting, and when you arrive, those spheres all become dun. At the GM’s discretion, you might be able to choose other destinations that are highly Invested locations you’ve visited before.','Special',0,0,20,'You can create more stable perpendicularities that allow you to transport yourself and others to highly Invested locations, even across a significant distance.',38),(253,'Realmwalker','When you make a Transportation test to use a Transportation talent, you automatically succeed.','Passive',0,0,0,'You effortlessly step between the Cognitive and Physical Realms.',38),(254,'First Ideal (Bondsmith Key)','Database administrators note. This talent is included solely to communicate that the Bondsmith is not an official Radiant Path, you will need to homebrew anything within the \"Spren Bond\" tree. Bondsmiths additionally gain access to the Adhesion and Tension surges.','Special',0,0,0,'I will take responsibility for what I’ve done. If I must fall, I will rise each time a better person.',40),(255,'First Ideal (Dustbringer Key)','When you acquire this talent, you gain access to Investiture, beginning with a maximum Investiture of 2 + your Awareness or Presence (whichever is higher). You can now use the Breathe Stormlight, Enhance, and Regenerate actions. Additionally, you gain the goal “Speak the First Ideal.” After you  complete this goal, you gain the following reward: ◆ You become Empowered until the end of that scene. ◆ You gain the Abrasion and Division surges. ◆ You gain an additional skill on your character sheet for the above surges, starting with 1 rank in each.','Special',0,0,0,'You begin bonding an ashspren, allowing you to breathe in and use Stormlight. You might be aware of this nascent bond, or you might use the powers subconsciously until you get closer to speaking the First Ideal.',19),(256,'Second Ideal (Dustbringer)','You gain the goal “Speak the Second Ideal.” After you complete this goal, you gain the following reward: ◆ You become Empowered until the end of that scene. ◆ Your Enhance action becomes more powerful. While you have 1 Investiture or more, you can use Enhance as (free action), and you don’t need to spend Investiture to use this action or maintain its effect.','Special',0,0,0,'You seek to deepen your Nahel bond with your ashspren by speaking the Second Ideal.',19),(257,'Third Ideal (Dustbringer)','You gain the goal “Speak the Third Ideal.” After you complete this goal, you gain the following reward: ◆ You become Empowered until the end of that scene. ◆ You can summon your spren as a Radiant Shardblade (see chapter 7).','Special',0,0,0,'You seek to advance your Nahel bond even further by speaking the Third Ideal.',19),(258,'Fourth Ideal (Dustbringer)','You gain the goal “Speak the Fourth Ideal.” After you complete this goal, you gain the following reward: ◆ You become Empowered until the end of that scene. ◆ You can call a swarm of flamespren as Radiant Shardplate (see chapter 7).','Special',0,0,0,'You seek to become a full Knight Radiant by speaking the Fourth Ideal.',19),(259,'Searing Dust Storm','When you use the Move action to move along a solid surface, you can spend 1 Investiture or more to kick up an obscuring cloud of dust in spaces of your choice that you enter or leave during that movement. This cloud remains for a number of rounds equal to the Investiture spent, or until a reasonably strong wind disperses it. When each enemy within this cloud takes damage for the first time during a round, that damage increases by your ranks in Discipline.','Special',0,0,1,'You combine the mobility of Abrasion with the destruction of Division to leave trails of dust in your wake. These stinging storms assail enemies foolish enough to enter, leaving them open to attack.',19),(260,'Invested(Dustbringer)','When you acquire this talent, your maximum Investiture increases by a number equal to your tier. When your tier increases by 1, your maximum Investiture does as well.','Passive',0,0,0,'You learn to hold and wield greater quantities of Stormlight within yourself.',19),(261,'Wound Regeneration(Dustbringer)','When you use the Regenerate free action, you can spend Investiture to instantly recover from an injury of your choice (either instead of or in addition to healing yourself). Spend 2 Investiture to recover from a temporary injury, or spend 3 Investiture to recover from a permanent one.','Special',0,0,2,'You can use Stormlight to rapidly recover from injuries.',19),(262,'Deepened Bond(Dustbringer)','Your spren bond range increases from 30 feet to 100 feet. Additionally, when you spend focus to give your spren a task, it costs you 1 fewer focus (to a minimum cost of 1).','Passive',0,0,0,'The strength of your Nahel bond now allows your spren to manifest more fully in the Physical Realm.',19),(263,'Take Squire(Dustbringer)','After a long rest, choose a companion or player character you can influence to take as your squire. To choose them, they must be willing and sapient, you must have known them for at least 1 game session, and they must not have bonded a Radiant spren. When you choose a squire, decide whether you want to grant them both of your surges, one of them, or none. That character becomes your squire, gaining the surges you chose plus the other benefits in the “Squires” section earlier in this chapter. You can have a maximum number of squires up to your current Ideal (such as three for the Third Ideal). If you already have the maximum number of squires, you must choose one to dismiss as your squire before choosing a new one.','Special',0,0,0,'You begin taking other people under your wing, allowing them to breathe Stormlight and use surges before they’ve established their own Nahel bond.',19),(264,'First Ideal (Edgedancer Key)','When you acquire this talent, you gain access to Investiture, beginning with a maximum Investiture of 2 + your Awareness or Presence (whichever is higher). You can now use the Breathe Stormlight, Enhance, and Regenerate actions. Additionally, you gain the goal “Speak the First Ideal.” After you complete this goal, you gain the following reward: ◆ You become Empowered until the end of that scene. ◆ You gain the Abrasion and Progression surges. ◆ You gain an additional skill on your character sheet for the above surges, starting with 1 rank in each.','Special',0,0,0,'You begin bonding a cultivationspren, allowing you to breathe in and use Stormlight. You might be aware of this nascent bond, or you might use the powers subconsciously until you get closer to speaking the First Ideal.',20),(265,'Second Ideal (Edgedancer)','You gain the goal “Speak the Second Ideal.” After you complete this goal, you gain the following reward: ◆ You become Empowered until the end of that scene. ◆ Your Enhance action becomes more powerful. While you have 1 Investiture or more, you can use Enhance as , and you don’t need to spend Investiture to use this action or maintain its effect.','Special',0,0,0,'You seek to deepen your Nahel bond with your cultivationspren by speaking the Second Ideal.',20),(266,'Third Ideal (Edgedancer)','You gain the goal “Speak the Third Ideal.” After you complete this goal, you gain the following reward: ◆ You become Empowered until the end of that scene. ◆ You can summon your spren as a Radiant Shardblade (see chapter 7).','Special',0,0,0,'You seek to advance your Nahel bond even further by speaking the Third Ideal.',20),(267,'Fourth Ideal (Edgedancer)','You gain the goal “Speak the Fourth Ideal.” After you complete this goal, you gain the following reward: ◆ You become Empowered until the end of that scene. ◆ You can call a swarm of lifespren as Radiant Shardplate (see chapter 7).','Special',0,0,0,'You seek to become a full Knight Radiant by speaking the Fourth Ideal.',20),(268,'Edgedancer’s Grace','After you start your turn with 1 Investiture or more, you gain an additional (reaction), which you can use only to Avoid Danger or Dodge. If you use the Dodge reaction in this way, ignore its focus cost.','Passive',0,0,0,'You’ve mastered the supernatural grace told of the Edgedancers of yore.',20),(269,'Invested(Edgedancer)','When you acquire this talent, your maximum Investiture increases by a number equal to your tier. When your tier increases by 1, your maximum Investiture does as well.','Passive',0,0,0,'You learn to hold and wield greater quantities of Stormlight within yourself.',20),(270,'Wound Regeneration(Edgedancer)','When you use the Regenerate free action, you can spend Investiture to instantly recover from an injury of your choice (either instead of or in addition to healing yourself). Spend 2 Investiture to recover from a temporary injury, or spend 3 Investiture to recover from a permanent one.','Special',0,0,2,'You can use Stormlight to rapidly recover from injuries.',20),(271,'Deepened Bond(Edgedancer)','Your spren bond range increases from 30 feet to 100 feet. Additionally, when you spend focus to give your spren a task, it costs you 1 fewer focus (to a minimum cost of 1).','Passive',0,0,0,'The strength of your Nahel bond now allows your spren to manifest more fully in the Physical Realm.',20),(272,'Take Squire(Edgedancer)','After a long rest, choose a companion or player character you can influence to take as your squire. To choose them, they must be willing and sapient, you must have known them for at least 1 game session, and they must not have bonded a Radiant spren. When you choose a squire, decide whether you want to grant them both of your surges, one of them, or none. That character becomes your squire, gaining the surges you chose plus the other benefits in the “Squires” section earlier in this chapter. You can have a maximum number of squires up to your current Ideal (such as three for the Third Ideal). If you already have the maximum number of squires, you must choose one to dismiss as your squire before choosing a new one.','Special',0,0,0,'You begin taking other people under your wing, allowing them to breathe Stormlight and use surges before they’ve established their own Nahel bond.',20),(273,'First Ideal (Elsecaller Key)','When you acquire this talent, you gain access to Investiture, beginning with a maximum Investiture of 2 + your Awareness or Presence (whichever is higher). You can now use the Breathe Stormlight, Enhance, and Regenerate actions. Additionally, you gain the goal “Speak the First Ideal.” After you complete this goal, you gain the following reward: ◆ You become Empowered until the end of that scene. ◆ You gain the Transformation and Transportation surges. ◆ You gain an additional skill on your character sheet for the above surges, starting with 1 rank in each.','Special',0,0,0,'You begin bonding an inkspren, allowing you to breathe in and use Stormlight. You might be aware of this nascent bond, or you might use the powers subconsciously until you get closer to speaking the First Ideal.',21),(274,'Second Ideal (Elsecaller)','You gain the goal “Speak the Second Ideal.” After you complete this goal, you gain the following reward: ◆ You become Empowered until the end of that scene. ◆ Your Enhance action becomes more powerful. While you have 1 Investiture or more, you can use Enhance as , and you don’t need to spend Investiture to use this action or maintain its effect.','Special',0,0,0,'You seek to deepen your Nahel bond with your inkspren by speaking the Second Ideal.',21),(275,'Third Ideal (Elsecaller)','You gain the goal “Speak the Third Ideal.” After you complete this goal, you gain the following reward: ◆ You become Empowered until the end of that scene. ◆ You can summon your spren as a Radiant Shardblade (see chapter 7).','Special',0,0,0,'You seek to advance your Nahel bond even further by speaking the Third Ideal.',21),(276,'Fourth Ideal (Elsecaller)','You gain the goal “Speak the Fourth Ideal.” After you complete this goal, you gain the following reward: ◆ You become Empowered until the end of that scene. ◆ You can call a swarm of logicspren as Radiant Shardplate (see chapter 7).','Special',0,0,0,'You seek to become a full Knight Radiant by speaking the Fourth Ideal.',21),(277,'Elsecaller’s Perspicacity','While you have 1 Investiture or more, you gain an advantage on Deduction tests, on tests you make as part of a reaction, and on tests to gather information while peering between the Physical and Cognitive Realms.','Passive',0,0,0,'Your shrewd reasoning and enhanced observations across realms allow you to notice details others overlook and to react with supernatural alacrity.',21),(278,'Invested(Elsecaller)','When you acquire this talent, your maximum Investiture increases by a number equal to your tier. When your tier increases by 1, your maximum Investiture does as well.','Passive',0,0,0,'You learn to hold and wield greater quantities of Stormlight within yourself.',21),(279,'Wound Regeneration(Elsecaller)','When you use the Regenerate free action, you can spend Investiture to instantly recover from an injury of your choice (either instead of or in addition to healing yourself). Spend 2 Investiture to recover from a temporary injury, or spend 3 Investiture to recover from a permanent one.','Special',0,0,2,'You can use Stormlight to rapidly recover from injuries.',21),(280,'Deepened Bond(Elsecaller)','Your spren bond range increases from 30 feet to 100 feet. Additionally, when you spend focus to give your spren a task, it costs you 1 fewer focus (to a minimum cost of 1).','Passive',0,0,0,'The strength of your Nahel bond now allows your spren to manifest more fully in the Physical Realm.',21),(281,'Take Squire(Elsecaller)','After a long rest, choose a companion or player character you can influence to take as your squire. To choose them, they must be willing and sapient, you must have known them for at least 1 game session, and they must not have bonded a Radiant spren. When you choose a squire, decide whether you want to grant them both of your surges, one of them, or none. That character becomes your squire, gaining the surges you chose plus the other benefits in the “Squires” section earlier in this chapter. You can have a maximum number of squires up to your current Ideal (such as three for the Third Ideal). If you already have the maximum number of squires, you must choose one to dismiss as your squire before choosing a new one.','Special',0,0,0,'You begin taking other people under your wing, allowing them to breathe Stormlight and use surges before they’ve established their own Nahel bond.',21),(282,'First Ideal (Lightweaver Key)','When you acquire this talent, you gain access to Investiture, beginning with a maximum Investiture of 2 + your Awareness or Presence (whichever is higher). You can now use the Breathe Stormlight, Enhance, and Regenerate actions. Additionally, you gain the goal “Speak the First Ideal.” After you  complete this goal, you gain the following reward: ◆ You become Empowered until the end of that scene. ◆ You gain the Illumination and Transformation surges. ◆ You gain an additional skill on your character sheet for the above surges, starting with 1 rank in each.','Special',0,0,0,'You begin bonding an Cryptic, allowing you to breathe in and use Stormlight. You might be aware of this nascent bond, or you might use the powers subconsciously until you get closer to speaking the First Ideal.',22),(283,'Second Ideal (Lightweaver)','You gain the goal “Speak the Second Ideal.” After you complete this goal, you gain the following reward: ◆ You become Empowered until the end of that scene. ◆ Your Enhance action becomes more powerful. While you have 1 Investiture or more, you can use Enhance as (free action), and you don’t need to spend Investiture to use this action or maintain its effect.','Special',0,0,0,'You seek to deepen your Nahel bond with your Cryptic by speaking the Second Ideal.',22),(284,'Third Ideal (Lightweaver)','You gain the goal “Speak the Third Ideal.” After you complete this goal, you gain the following reward: ◆ You become Empowered until the end of that scene. ◆ You can summon your spren as a Radiant Shardblade (see chapter 7).','Special',0,0,0,'You seek to advance your Nahel bond even further by speaking the Third Ideal.',22),(285,'Fourth Ideal (Lightweaver)','You gain the goal “Speak the Fourth Ideal.” After you complete this goal, you gain the following reward: ◆ You become Empowered until the end of that scene. ◆ You can call a swarm of creationspren as Radiant Shardplate (see chapter 7).','Special',0,0,0,'You seek to become a full Knight Radiant by speaking the Fourth Ideal.',22),(286,'Physical Illusion','Prerequisite: Speak the Fourth Ideal; Spend 1 Investiture or more to use your Illumination surge to infuse a physical illusion in thin air, following the normal rules for either a simple or complex illusion. However, unlike other illusions, this physical illusion occupies its space as if it were real; objects can’t pass through it, and if it’s Medium or larger, it can be used as cover. This illusion weighs half as much as the real version would (maximum of 25 pounds per surge rank). Though it isn’t a character, it has health equal to 5 × your ranks in Transformation, and each of its defenses equals 10 + your Transformation modifier. If the illusion is reduced to 0 health, its infusion ends early and any infused Investiture is lost. When you control your physical illusion, it can interact with its environment (such as an illusionary chicken flying into a windowpane). You can use |> to task one of your physical illusions with something that requires a test (such as attacking someone) or your careful attention (such as writing a note). When the illusion’s task requires a test, you must be able to sense its target, and you use your Illumination instead of that test’s usual skill. For example, if the illusion is attacking with a real weapon, test your Illumination but otherwise follow the normal rules for that attack. While wielding an illusionary weapon, the illusion can make a melee attack against the Physical defense of a target within its reach. This attack deals either keen or impact damage depending on the illusionary weapon, and the size of its damage dice increases with your ranks in Transformation: at 2 ranks, roll 2d6 damage; at 3 ranks, roll 2d8 damage; and so on. As usual, on a hit, add your Illumination modifier to damage, and on a miss, you can spend 1 focus to graze with that attack.','Special',2,0,1,'By mixing Transformation and Illumination, you create illusions with weight and tangibility.',22),(287,'Invested(Lightweaver)','When you acquire this talent, your maximum Investiture increases by a number equal to your tier. When your tier increases by 1, your maximum Investiture does as well.','Passive',0,0,0,'You learn to hold and wield greater quantities of Stormlight within yourself.',22),(288,'Wound Regeneration(Lightweaver)','When you use the Regenerate free action, you can spend Investiture to instantly recover from an injury of your choice (either instead of or in addition to healing yourself). Spend 2 Investiture to recover from a temporary injury, or spend 3 Investiture to recover from a permanent one.','Special',0,0,2,'You can use Stormlight to rapidly recover from injuries.',22),(289,'Deepened Bond(Lightweaver)','Your spren bond range increases from 30 feet to 100 feet. Additionally, when you spend focus to give your spren a task, it costs you 1 fewer focus (to a minimum cost of 1).','Passive',0,0,0,'The strength of your Nahel bond now allows your spren to manifest more fully in the Physical Realm.',22),(290,'Take Squire(Lightweaver)','After a long rest, choose a companion or player character you can influence to take as your squire. To choose them, they must be willing and sapient, you must have known them for at least 1 game session, and they must not have bonded a Radiant spren. When you choose a squire, decide whether you want to grant them both of your surges, one of them, or none. That character becomes your squire, gaining the surges you chose plus the other benefits in the “Squires” section earlier in this chapter. You can have a maximum number of squires up to your current Ideal (such as three for the Third Ideal). If you already have the maximum number of squires, you must choose one to dismiss as your squire before choosing a new one.','Special',0,0,0,'You begin taking other people under your wing, allowing them to breathe Stormlight and use surges before they’ve established their own Nahel bond.',22),(291,'First Ideal (Skybreaker Key)','When you acquire this talent, you gain access to Investiture, beginning with a maximum Investiture of 2 + your Awareness or Presence (whichever is higher). You can now use the Breathe Stormlight, Enhance, and Regenerate actions. Additionally, you gain the goal “Speak the First Ideal.” After you  complete this goal, you gain the following reward: ◆ You become Empowered until the end of that scene. ◆ You gain the  Division and Gravitation surges. ◆ You gain an additional skill on your character sheet for the above surges, starting with 1 rank in each.','Special',0,0,0,'You begin bonding an highspren, allowing you to breathe in and use Stormlight. You might be aware of this nascent bond, or you might use the powers subconsciously until you get closer to speaking the First Ideal.',23),(292,'Second Ideal (Skybreaker)','You gain the goal “Speak the Second Ideal.” After you complete this goal, you gain the following reward: ◆ You become Empowered until the end of that scene. ◆ Your Enhance action becomes more powerful. While you have 1 Investiture or more, you can use Enhance as (free action), and you don’t need to spend Investiture to use this action or maintain its effect.','Special',0,0,0,'You seek to deepen your Nahel bond with your highspren by speaking the Second Ideal.',23),(293,'Third Ideal (Skybreaker)','You gain the goal “Speak the Third Ideal.” After you complete this goal, you gain the following reward: ◆ You become Empowered until the end of that scene. ◆ You can summon your spren as a Radiant Shardblade (see chapter 7).','Special',0,0,0,'You seek to advance your Nahel bond even further by speaking the Third Ideal.',23),(294,'Fourth Ideal (Skybreaker)','You gain the goal “Speak the Fourth Ideal.” After you complete this goal, you gain the following reward: ◆ You become Empowered until the end of that scene. ◆ You can call a swarm of luckspren as Radiant Shardplate (see chapter 7).','Special',0,0,0,'You seek to become a full Knight Radiant by speaking the Fourth Ideal.',23),(295,'Soaring Destruction','After you Move while maintaining a Basic Lashing on yourself with your Gravitation surge, spend 1 focus to gain , which can be used only for Division or one of its talents.','Free Action',0,1,0,'You excel at using Division while sweeping through the air with Gravitation.',23),(296,'Invested(Skybreaker)','When you acquire this talent, your maximum Investiture increases by a number equal to your tier. When your tier increases by 1, your maximum Investiture does as well.','Passive',0,0,0,'You learn to hold and wield greater quantities of Stormlight within yourself.',23),(297,'Wound Regeneration(Skybreaker)','When you use the Regenerate free action, you can spend Investiture to instantly recover from an injury of your choice (either instead of or in addition to healing yourself). Spend 2 Investiture to recover from a temporary injury, or spend 3 Investiture to recover from a permanent one.','Special',0,0,2,'You can use Stormlight to rapidly recover from injuries.',23),(298,'Deepened Bond(Skybreaker)','Your spren bond range increases from 30 feet to 100 feet. Additionally, when you spend focus to give your spren a task, it costs you 1 fewer focus (to a minimum cost of 1).','Passive',0,0,0,'The strength of your Nahel bond now allows your spren to manifest more fully in the Physical Realm.',23),(299,'Take Squire(Skybreaker)','After a long rest, choose a companion or player character you can influence to take as your squire. To choose them, they must be willing and sapient, you must have known them for at least 1 game session, and they must not have bonded a Radiant spren. When you choose a squire, decide whether you want to grant them both of your surges, one of them, or none. That character becomes your squire, gaining the surges you chose plus the other benefits in the “Squires” section earlier in this chapter. You can have a maximum number of squires up to your current Ideal (such as three for the Third Ideal). If you already have the maximum number of squires, you must choose one to dismiss as your squire before choosing a new one.','Special',0,0,0,'You begin taking other people under your wing, allowing them to breathe Stormlight and use surges before they’ve established their own Nahel bond.',23),(300,'First Ideal (Stoneward Key)','When you acquire this talent, you gain access to Investiture, beginning with a maximum Investiture of 2 + your Awareness or Presence (whichever is higher). You can now use the Breathe Stormlight, Enhance, and Regenerate actions. Additionally, you gain the goal “Speak the First Ideal.” After you  complete this goal, you gain the following reward: ◆ You become Empowered until the end of that scene. ◆ You gain the   Cohesion and Tension surges. ◆ You gain an additional skill on your character sheet for the above surges, starting with 1 rank in each.','Special',0,0,0,'You begin bonding an peakspren, allowing you to breathe in and use Stormlight. You might be aware of this nascent bond, or you might use the powers subconsciously until you get closer to speaking the First Ideal.',24),(301,'Second Ideal (Stoneward)','You gain the goal “Speak the Second Ideal.” After you complete this goal, you gain the following reward: ◆ You become Empowered until the end of that scene. ◆ Your Enhance action becomes more powerful. While you have 1 Investiture or more, you can use Enhance as (free action), and you don’t need to spend Investiture to use this action or maintain its effect.','Special',0,0,0,'You seek to deepen your Nahel bond with your peakspren by speaking the Second Ideal.',24),(302,'Third Ideal (Stoneward)','You gain the goal “Speak the Third Ideal.” After you complete this goal, you gain the following reward: ◆ You become Empowered until the end of that scene. ◆ You can summon your spren as a Radiant Shardblade (see chapter 7).','Special',0,0,0,'You seek to advance your Nahel bond even further by speaking the Third Ideal.',24),(303,'Fourth Ideal (Stoneward)','You gain the goal “Speak the Fourth Ideal.” After you complete this goal, you gain the following reward: ◆ You become Empowered until the end of that scene. ◆ You can call a swarm of bindspren as Radiant Shardplate (see chapter 7).','Special',0,0,0,'You seek to become a full Knight Radiant by speaking the Fourth Ideal.',24),(304,'Cohesive Teamwork','After you use the Gain Advantage action while having 1 Investiture or more, whether you succeed or fail, the next test an ally makes against that target gains an advantage. Until the end of your next turn, while standing on stone, you can’t be moved against your will or knocked Prone.','Passive',0,1,0,'Stonewards strive to exemplify determination and teamwork. Their resolve shows allies where to intuitively hold the line.',24),(305,'Invested(Stoneward)','When you acquire this talent, your maximum Investiture increases by a number equal to your tier. When your tier increases by 1, your maximum Investiture does as well.','Passive',0,0,0,'You learn to hold and wield greater quantities of Stormlight within yourself.',24),(306,'Wound Regeneration(Stoneward)','When you use the Regenerate free action, you can spend Investiture to instantly recover from an injury of your choice (either instead of or in addition to healing yourself). Spend 2 Investiture to recover from a temporary injury, or spend 3 Investiture to recover from a permanent one.','Special',0,0,2,'You can use Stormlight to rapidly recover from injuries.',24),(307,'Deepened Bond(Stoneward)','Your spren bond range increases from 30 feet to 100 feet. Additionally, when you spend focus to give your spren a task, it costs you 1 fewer focus (to a minimum cost of 1).','Passive',0,0,0,'The strength of your Nahel bond now allows your spren to manifest more fully in the Physical Realm.',24),(308,'Take Squire(Stoneward)','After a long rest, choose a companion or player character you can influence to take as your squire. To choose them, they must be willing and sapient, you must have known them for at least 1 game session, and they must not have bonded a Radiant spren. When you choose a squire, decide whether you want to grant them both of your surges, one of them, or none. That character becomes your squire, gaining the surges you chose plus the other benefits in the “Squires” section earlier in this chapter. As a Stoneward, you can have a maximum number of squires up to your current level. If you already have the maximum number of squires, you must choose one to dismiss as your squire before choosing a new one.','Special',0,0,0,'You begin taking other people under your wing, allowing them to breathe Stormlight and use surges before they’ve established their own Nahel bond.',24),(309,'First Ideal (Truthwatcher Key)','When you acquire this talent, you gain access to Investiture, beginning with a maximum Investiture of 2 + your Awareness or Presence (whichever is higher). You can now use the Breathe Stormlight, Enhance, and Regenerate actions. Additionally, you gain the goal “Speak the First Ideal.” After you  complete this goal, you gain the following reward: ◆ You become Empowered until the end of that scene. ◆ You gain the Illumination and Progression surges. ◆ You gain an additional skill on your character sheet for the above surges, starting with 1 rank in each.','Special',0,0,0,'You begin bonding an mistspren, allowing you to breathe in and use Stormlight. You might be aware of this nascent bond, or you might use the powers subconsciously until you get closer to speaking the First Ideal.',25),(310,'Second Ideal (Truthwatcher)','You gain the goal “Speak the Second Ideal.” After you complete this goal, you gain the following reward: ◆ You become Empowered until the end of that scene. ◆ Your Enhance action becomes more powerful. While you have 1 Investiture or more, you can use Enhance as (free action), and you don’t need to spend Investiture to use this action or maintain its effect.','Special',0,0,0,'You seek to deepen your Nahel bond with your mistspren by speaking the Second Ideal.',25),(311,'Third Ideal (Truthwatcher)','You gain the goal “Speak the Third Ideal.” After you complete this goal, you gain the following reward: ◆ You become Empowered until the end of that scene. ◆ You can summon your spren as a Radiant Shardblade (see chapter 7).','Special',0,0,0,'You seek to advance your Nahel bond even further by speaking the Third Ideal.',25),(312,'Fourth Ideal (Truthwatcher)','You gain the goal “Speak the Fourth Ideal.” After you complete this goal, you gain the following reward: ◆ You become Empowered until the end of that scene. ◆ You can call a swarm of concentrationspren as Radiant Shardplate (see chapter 7).','Special',0,0,0,'You seek to become a full Knight Radiant by speaking the Fourth Ideal.',25),(313,'Spiritual Healing','Before you restore health to yourself or a willing ally, you can spend 2 Investiture to instead cause the target to recover half as much focus (rounded up) as they would have recovered health.','Special',0,1,0,'You mix Illumination and Regrowth to skillfully repair the mind and soul.',25),(314,'Invested(Truthwatcher)','When you acquire this talent, your maximum Investiture increases by a number equal to your tier. When your tier increases by 1, your maximum Investiture does as well.','Passive',0,0,0,'You learn to hold and wield greater quantities of Stormlight within yourself.',25),(315,'Wound Regeneration(Truthwatcher)','When you use the Regenerate free action, you can spend Investiture to instantly recover from an injury of your choice (either instead of or in addition to healing yourself). Spend 2 Investiture to recover from a temporary injury, or spend 3 Investiture to recover from a permanent one.','Special',0,0,2,'You can use Stormlight to rapidly recover from injuries.',25),(316,'Deepened Bond(Truthwatcher)','Your spren bond range increases from 30 feet to 100 feet. Additionally, when you spend focus to give your spren a task, it costs you 1 fewer focus (to a minimum cost of 1).','Passive',0,0,0,'The strength of your Nahel bond now allows your spren to manifest more fully in the Physical Realm.',25),(317,'Take Squire(Truthwatcher)','After a long rest, choose a companion or player character you can influence to take as your squire. To choose them, they must be willing and sapient, you must have known them for at least 1 game session, and they must not have bonded a Radiant spren. When you choose a squire, decide whether you want to grant them both of your surges, one of them, or none. That character becomes your squire, gaining the surges you chose plus the other benefits in the “Squires” section earlier in this chapter. You can have a maximum number of squires up to your current Ideal (such as three for the Third Ideal). If you already have the maximum number of squires, you must choose one to dismiss as your squire before choosing a new one.','Special',0,0,0,'You begin taking other people under your wing, allowing them to breathe Stormlight and use surges before they’ve established their own Nahel bond.',25),(318,'First Ideal (Willshaper Key)','When you acquire this talent, you gain access to Investiture, beginning with a maximum Investiture of 2 + your Awareness or Presence (whichever is higher). You can now use the Breathe Stormlight, Enhance, and Regenerate actions. Additionally, you gain the goal “Speak the First Ideal.” After you  complete this goal, you gain the following reward: ◆ You become Empowered until the end of that scene. ◆ You gain the Cohesion and Transportation surges. ◆ You gain an additional skill on your character sheet for the above surges, starting with 1 rank in each.','Special',0,0,0,'You begin bonding an lightspren, allowing you to breathe in and use Stormlight. You might be aware of this nascent bond, or you might use the powers subconsciously until you get closer to speaking the First Ideal.',26),(319,'Second Ideal (Willshaper)','You gain the goal “Speak the Second Ideal.” After you complete this goal, you gain the following reward: ◆ You become Empowered until the end of that scene. ◆ Your Enhance action becomes more powerful. While you have 1 Investiture or more, you can use Enhance as (free action), and you don’t need to spend Investiture to use this action or maintain its effect.','Special',0,0,0,'You seek to deepen your Nahel bond with your lightspren by speaking the Second Ideal.',26),(320,'Third Ideal (Willshaper)','You gain the goal “Speak the Third Ideal.” After you complete this goal, you gain the following reward: ◆ You become Empowered until the end of that scene. ◆ You can summon your spren as a Radiant Shardblade (see chapter 7).','Special',0,0,0,'You seek to advance your Nahel bond even further by speaking the Third Ideal.',26),(321,'Fourth Ideal (Willshaper)','You gain the goal “Speak the Fourth Ideal.” After you complete this goal, you gain the following reward: ◆ You become Empowered until the end of that scene. ◆ You can call a swarm of joyspren as Radiant Shardplate (see chapter 7).','Special',0,0,0,'You seek to become a full Knight Radiant by speaking the Fourth Ideal.',26),(322,'Spiritual Cohesion','Once per scene, choose one or more allies you can influence, up to a number equaling your current Ideal (such as two allies for the Second Ideal). Each target becomes Determined until the end of the scene. If a target uses that condition to add an Opportunity to a test, increase their Cognitive defense and Spiritual defense by 2 until the end of the scene.','Action',2,0,0,'Willshapers lead by example, raising the spirits of those around them through radical acts of self-expression.',26),(323,'Invested(Willshaper)','When you acquire this talent, your maximum Investiture increases by a number equal to your tier. When your tier increases by 1, your maximum Investiture does as well.','Passive',0,0,0,'You learn to hold and wield greater quantities of Stormlight within yourself.',26),(324,'Wound Regeneration(Willshaper)','When you use the Regenerate free action, you can spend Investiture to instantly recover from an injury of your choice (either instead of or in addition to healing yourself). Spend 2 Investiture to recover from a temporary injury, or spend 3 Investiture to recover from a permanent one.','Special',0,0,2,'You can use Stormlight to rapidly recover from injuries.',26),(325,'Deepened Bond(Willshaper)','Your spren bond range increases from 30 feet to 100 feet. Additionally, when you spend focus to give your spren a task, it costs you 1 fewer focus (to a minimum cost of 1).','Passive',0,0,0,'The strength of your Nahel bond now allows your spren to manifest more fully in the Physical Realm.',26),(326,'Take Squire(Willshaper)','After a long rest, choose a companion or player character you can influence to take as your squire. To choose them, they must be willing and sapient, you must have known them for at least 1 game session, and they must not have bonded a Radiant spren. When you choose a squire, decide whether you want to grant them both of your surges, one of them, or none. That character becomes your squire, gaining the surges you chose plus the other benefits in the “Squires” section earlier in this chapter. You can have a maximum number of squires up to your current Ideal (such as three for the Third Ideal). If you already have the maximum number of squires, you must choose one to dismiss as your squire before choosing a new one.','Special',0,0,0,'You begin taking other people under your wing, allowing them to breathe Stormlight and use surges before they’ve established their own Nahel bond.',26),(327,'First Ideal (Windrunner Key)','When you acquire this talent, you gain access to Investiture, beginning with a maximum Investiture of 2 + your Awareness or Presence (whichever is higher). You can now use the Breathe Stormlight, Enhance, and Regenerate actions. Additionally, you gain the goal “Speak the First Ideal.” After you  complete this goal, you gain the following reward: ◆ You become Empowered until the end of that scene. ◆ You gain the Adhesion and Gravitation surges. ◆ You gain an additional skill on your character sheet for the above surges, starting with 1 rank in each.','Special',0,0,0,'You begin bonding an honorspren, allowing you to breathe in and use Stormlight. You might be aware of this nascent bond, or you might use the powers subconsciously until you get closer to speaking the First Ideal.',27),(328,'Second Ideal (Windrunner)','You gain the goal “Speak the Second Ideal.” After you complete this goal, you gain the following reward: ◆ You become Empowered until the end of that scene. ◆ Your Enhance action becomes more powerful. While you have 1 Investiture or more, you can use Enhance as (free action), and you don’t need to spend Investiture to use this action or maintain its effect.','Special',0,0,0,'You seek to deepen your Nahel bond with your honorspren by speaking the Second Ideal.',27),(329,'Third Ideal (Windrunner)','You gain the goal “Speak the Third Ideal.” After you complete this goal, you gain the following reward: ◆ You become Empowered until the end of that scene. ◆ You can summon your spren as a Radiant Shardblade (see chapter 7).','Special',0,0,0,'You seek to advance your Nahel bond even further by speaking the Third Ideal.',27),(330,'Fourth Ideal (Windrunner)','You gain the goal “Speak the Fourth Ideal.” After you complete this goal, you gain the following reward: ◆ You become Empowered until the end of that scene. ◆ You can call a swarm of windspren as Radiant Shardplate (see chapter 7).','Special',0,0,0,'You seek to become a full Knight Radiant by speaking the Fourth Ideal.',27),(331,'Reverse Lashing','Before you infuse yourself or an object with a Basic Lashing using your Gravitation surge, you can instead infuse the target with a Reverse Lashing using Adhesion. When you do, declare a type of object (such as “projectiles,” “gems,” or “keys”) for the infused target to attract. Only unattended, unsecuredobjects can be attracted, and each must be of a size you can affect with your ranks in Adhesion (see the Surge Scaling table in chapter 6). When those objects come within a number of feet equal to your gravitation rate, they fly straight toward and stick to the infused target; this can divert ranged attacks from their intended targets. An attracted objectremains on the infused target until the infusion ends or until the object is removed.','Special',1,0,1,'You can infuse things with a mix of Adhesion and Gravitation, giving them a weak gravitational pull on specific objects.',27),(332,'Invested(Windrunner)','When you acquire this talent, your maximum Investiture increases by a number equal to your tier. When your tier increases by 1, your maximum Investiture does as well.','Passive',0,0,0,'You learn to hold and wield greater quantities of Stormlight within yourself.',27),(333,'Wound Regeneration(Windrunner)','When you use the Regenerate free action, you can spend Investiture to instantly recover from an injury of your choice (either instead of or in addition to healing yourself). Spend 2 Investiture to recover from a temporary injury, or spend 3 Investiture to recover from a permanent one.','Special',0,0,2,'You can use Stormlight to rapidly recover from injuries.',27),(334,'Deepened Bond(Windrunner)','Your spren bond range increases from 30 feet to 100 feet. Additionally, when you spend focus to give your spren a task, it costs you 1 fewer focus (to a minimum cost of 1).','Passive',0,0,0,'The strength of your Nahel bond now allows your spren to manifest more fully in the Physical Realm.',27),(335,'Take Squire(Windrunner)','After a long rest, choose a companion or player character you can influence to take as your squire. To choose them, they must be willing and sapient, you must have known them for at least 1 game session, and they must not have bonded a Radiant spren. When you choose a squire, decide whether you want to grant them both of your surges, one of them, or none. That character becomes your squire, gaining the surges you chose plus the other benefits in the “Squires” section earlier in this chapter. As a Windrunner, you can have a maximum number of squires up to twice your level. If you already have the maximum number of squires, you must choose one to dismiss as your squire before choosing a new one.','Special',0,0,0,'You begin taking other people under your wing, allowing them to breathe Stormlight and use surges before they’ve established their own Nahel bond.',27);
/*!40000 ALTER TABLE `talent` ENABLE KEYS */;
UNLOCK TABLES;

--
-- Table structure for table `talentbranch`
--

DROP TABLE IF EXISTS `talentbranch`;
/*!40101 SET @saved_cs_client     = @@character_set_client */;
/*!50503 SET character_set_client = utf8mb4 */;
CREATE TABLE `talentbranch` (
  `TalentBranchID` smallint NOT NULL AUTO_INCREMENT,
  `BranchName` varchar(25) NOT NULL,
  `TotalTalentsInBranch` tinyint NOT NULL,
  PRIMARY KEY (`TalentBranchID`)
) ENGINE=InnoDB AUTO_INCREMENT=41 DEFAULT CHARSET=utf8mb4 COLLATE=utf8mb4_0900_ai_ci;
/*!40101 SET character_set_client = @saved_cs_client */;

--
-- Dumping data for table `talentbranch`
--

LOCK TABLES `talentbranch` WRITE;
/*!40000 ALTER TABLE `talentbranch` DISABLE KEYS */;
INSERT INTO `talentbranch` VALUES (1,'Investigator',8),(2,'Spy',8),(3,'Thief',8),(4,'Diplomat',8),(5,'Faithful',8),(6,'Mentor',8),(7,'Archer',8),(8,'Assassin',8),(9,'Tracker',8),(10,'Champion',8),(11,'Officer',8),(12,'Politico',8),(13,'Artifabrian',8),(14,'Stratigist',8),(15,'Surgeon',8),(16,'Duelist',8),(17,'Shardbearer',8),(18,'Soldier',8),(19,'Ashspren Bond',9),(20,'Cultivationspren Bond',9),(21,'Inkspren Bond',9),(22,'Cryptic Bond',9),(23,'Highspren Bond',9),(24,'Peakspren Bond',9),(25,'Mistspren Bond',9),(26,'Lightspren Bond',9),(27,'Honorspren Bond',9),(28,'Enlightened',5),(29,'Abrasion',8),(30,'Adhesion',8),(31,'Cohesion',8),(32,'Division',8),(33,'Gravitation',8),(34,'Illumination',8),(35,'Progression',8),(36,'Tension',8),(37,'Transformation',8),(38,'Transportation',8),(39,'Singer Forms',7),(40,'Unique Spren Bond',1);
/*!40000 ALTER TABLE `talentbranch` ENABLE KEYS */;
UNLOCK TABLES;

--
-- Table structure for table `talentbranchswitchheroicpath`
--

DROP TABLE IF EXISTS `talentbranchswitchheroicpath`;
/*!40101 SET @saved_cs_client     = @@character_set_client */;
/*!50503 SET character_set_client = utf8mb4 */;
CREATE TABLE `talentbranchswitchheroicpath` (
  `TalentBranchID` smallint NOT NULL,
  `HeroicPathID` smallint NOT NULL,
  PRIMARY KEY (`TalentBranchID`,`HeroicPathID`),
  KEY `HeroicPathID` (`HeroicPathID`),
  CONSTRAINT `talentbranchswitchheroicpath_ibfk_1` FOREIGN KEY (`TalentBranchID`) REFERENCES `talentbranch` (`TalentBranchID`),
  CONSTRAINT `talentbranchswitchheroicpath_ibfk_2` FOREIGN KEY (`HeroicPathID`) REFERENCES `heroicpath` (`HeroicPathID`)
) ENGINE=InnoDB DEFAULT CHARSET=utf8mb4 COLLATE=utf8mb4_0900_ai_ci;
/*!40101 SET character_set_client = @saved_cs_client */;

--
-- Dumping data for table `talentbranchswitchheroicpath`
--

LOCK TABLES `talentbranchswitchheroicpath` WRITE;
/*!40000 ALTER TABLE `talentbranchswitchheroicpath` DISABLE KEYS */;
INSERT INTO `talentbranchswitchheroicpath` VALUES (1,100),(2,100),(3,100),(4,101),(5,101),(6,101),(7,102),(8,102),(9,102),(10,103),(11,103),(12,103),(13,104),(14,104),(15,104),(16,105),(17,105),(18,105);
/*!40000 ALTER TABLE `talentbranchswitchheroicpath` ENABLE KEYS */;
UNLOCK TABLES;

--
-- Table structure for table `talentbranchswitchradiantpath`
--

DROP TABLE IF EXISTS `talentbranchswitchradiantpath`;
/*!40101 SET @saved_cs_client     = @@character_set_client */;
/*!50503 SET character_set_client = utf8mb4 */;
CREATE TABLE `talentbranchswitchradiantpath` (
  `TalentBranchID` smallint NOT NULL,
  `RadiantPathID` smallint NOT NULL,
  PRIMARY KEY (`TalentBranchID`,`RadiantPathID`),
  KEY `RadiantPathID` (`RadiantPathID`),
  CONSTRAINT `talentbranchswitchradiantpath_ibfk_1` FOREIGN KEY (`TalentBranchID`) REFERENCES `talentbranch` (`TalentBranchID`),
  CONSTRAINT `talentbranchswitchradiantpath_ibfk_2` FOREIGN KEY (`RadiantPathID`) REFERENCES `radiantpath` (`RadiantPathID`)
) ENGINE=InnoDB DEFAULT CHARSET=utf8mb4 COLLATE=utf8mb4_0900_ai_ci;
/*!40101 SET character_set_client = @saved_cs_client */;

--
-- Dumping data for table `talentbranchswitchradiantpath`
--

LOCK TABLES `talentbranchswitchradiantpath` WRITE;
/*!40000 ALTER TABLE `talentbranchswitchradiantpath` DISABLE KEYS */;
INSERT INTO `talentbranchswitchradiantpath` VALUES (19,1),(29,1),(32,1),(20,2),(29,2),(35,2),(21,3),(37,3),(38,3),(22,4),(34,4),(37,4),(23,5),(32,5),(33,5),(24,6),(31,6),(36,6),(25,7),(28,7),(34,7),(35,7),(26,8),(31,8),(38,8),(27,9),(30,9),(33,9),(30,10),(36,10),(40,10);
/*!40000 ALTER TABLE `talentbranchswitchradiantpath` ENABLE KEYS */;
UNLOCK TABLES;

--
-- Table structure for table `talentprereqs`
--

DROP TABLE IF EXISTS `talentprereqs`;
/*!40101 SET @saved_cs_client     = @@character_set_client */;
/*!50503 SET character_set_client = utf8mb4 */;
CREATE TABLE `talentprereqs` (
  `TalentID` int NOT NULL,
  `PrereqTalentID` int NOT NULL,
  `DistanceFromTarget` tinyint DEFAULT NULL,
  PRIMARY KEY (`TalentID`,`PrereqTalentID`)
) ENGINE=InnoDB DEFAULT CHARSET=utf8mb4 COLLATE=utf8mb4_0900_ai_ci;
/*!40101 SET character_set_client = @saved_cs_client */;

--
-- Dumping data for table `talentprereqs`
--

LOCK TABLES `talentprereqs` WRITE;
/*!40000 ALTER TABLE `talentprereqs` DISABLE KEYS */;
INSERT INTO `talentprereqs` VALUES (2,1,1),(3,1,1),(4,1,2),(4,2,1),(5,1,2),(5,3,1),(6,1,3),(6,2,2),(6,4,1),(7,1,3),(7,3,2),(7,5,1),(8,1,4),(8,3,3),(8,5,2),(8,7,1),(9,1,4),(9,3,3),(9,5,2),(9,7,1),(14,11,1),(14,12,1),(14,13,1),(15,11,2),(15,12,2),(15,13,2),(15,14,1),(16,11,2),(16,12,2),(16,13,2),(16,14,1),(17,11,2),(17,12,2),(17,13,2),(17,14,1),(20,18,1),(21,19,1),(22,19,2),(22,21,1),(23,19,2),(23,21,1),(24,19,3),(24,21,2),(24,22,1),(25,19,2),(25,21,1),(28,26,1),(29,27,1),(30,26,2),(30,28,1),(31,27,2),(31,29,1),(32,26,2),(32,28,1),(33,27,2),(33,29,1),(37,35,1),(38,35,1),(39,35,2),(39,37,1),(40,35,2),(40,38,1),(41,35,3),(41,37,2),(41,39,1),(42,35,3),(42,38,2),(42,40,1),(45,43,1),(46,44,1),(47,43,2),(47,45,1),(48,44,1),(49,43,3),(49,45,2),(49,47,1),(50,43,3),(50,44,2),(50,45,2),(50,47,1),(50,48,1),(53,51,1),(54,52,1),(55,51,2),(55,53,1),(56,52,2),(56,54,1),(57,51,3),(57,53,2),(57,55,1),(58,52,3),(58,54,2),(58,56,1),(62,60,1),(63,61,1),(64,60,2),(64,62,1),(65,61,2),(65,63,1),(66,61,3),(66,63,2),(66,67,1),(67,61,2),(67,63,1),(70,68,1),(71,69,1),(72,69,3),(72,71,2),(72,73,1),(73,69,2),(73,71,1),(74,69,3),(74,71,2),(74,73,1),(75,69,2),(75,71,1),(78,76,1),(79,77,1),(80,76,2),(80,78,1),(81,77,2),(81,79,1),(82,76,2),(82,78,1),(83,77,2),(83,79,1),(87,85,1),(88,86,1),(89,85,2),(89,87,1),(90,86,2),(90,88,1),(91,86,3),(91,88,2),(91,90,1),(92,86,3),(92,88,2),(92,90,1),(95,93,1),(96,94,1),(97,94,3),(97,96,2),(97,98,1),(98,94,2),(98,96,1),(99,94,4),(99,96,3),(99,98,2),(99,100,1),(100,94,3),(100,96,2),(100,98,1),(103,101,1),(104,101,2),(104,103,1),(105,101,2),(105,103,1),(106,101,3),(106,103,2),(106,105,1),(107,101,2),(107,103,1),(108,101,3),(108,103,2),(108,107,1),(112,110,1),(113,111,1),(114,110,1),(115,111,1),(116,110,2),(116,114,1),(117,110,3),(117,114,2),(117,116,1),(120,118,1),(121,119,1),(122,118,2),(122,120,1),(123,118,3),(123,120,2),(123,122,1),(124,118,2),(124,120,1),(125,118,3),(125,120,2),(125,124,1),(128,126,1),(129,127,1),(130,126,1),(131,127,2),(131,129,1),(132,126,2),(132,130,1),(133,126,2),(133,130,1),(137,135,1),(138,136,1),(139,135,2),(139,137,1),(140,136,1),(141,136,2),(141,140,1),(142,136,2),(142,140,1),(145,143,1),(146,144,1),(147,143,2),(147,145,1),(148,143,1),(148,144,2),(148,146,1),(149,143,3),(149,145,2),(149,147,1),(150,143,2),(150,144,3),(150,146,2),(150,148,1),(153,151,1),(154,152,1),(155,151,2),(155,153,1),(156,152,1),(157,151,2),(157,153,1),(158,152,2),(158,156,1),(162,160,1),(163,160,1),(163,161,1),(167,165,1),(168,166,1),(169,165,2),(169,167,1),(170,166,1),(171,165,3),(171,167,2),(171,169,1),(172,165,3),(172,166,2),(172,167,2),(172,169,1),(172,170,1),(176,174,1),(177,175,1),(178,174,2),(178,176,1),(179,175,2),(179,177,1),(180,174,3),(180,176,2),(180,178,1),(181,174,3),(181,175,3),(181,176,2),(181,177,2),(181,178,1),(181,179,1),(185,183,1),(186,183,2),(186,185,1),(187,183,2),(187,185,1),(188,183,3),(188,185,2),(188,186,1),(189,183,3),(189,185,2),(189,187,1),(190,183,4),(190,185,3),(190,186,2),(190,188,1),(194,192,1),(195,192,1),(195,193,1),(196,192,2),(196,194,1),(197,192,2),(197,193,2),(197,195,1),(198,192,3),(198,194,2),(198,196,1),(199,192,3),(199,193,3),(199,194,2),(199,195,2),(199,196,1),(199,197,1),(203,201,1),(204,202,1),(205,201,2),(205,203,1),(206,202,1),(207,201,3),(207,203,2),(207,205,1),(208,201,3),(208,202,2),(208,203,2),(208,205,1),(208,206,1),(212,210,1),(213,210,1),(214,210,2),(214,212,1),(215,210,2),(215,213,1),(216,210,3),(216,212,2),(216,214,1),(217,210,3),(217,212,2),(217,213,2),(217,214,1),(217,215,1),(221,219,1),(222,220,1),(223,219,2),(223,221,1),(224,220,2),(224,222,1),(225,219,3),(225,221,2),(225,223,1),(226,219,3),(226,220,3),(226,221,2),(226,222,2),(226,223,1),(226,224,1),(230,228,1),(231,229,1),(232,228,2),(232,230,1),(233,229,2),(233,231,1),(234,228,3),(234,230,2),(234,232,1),(235,228,3),(235,229,3),(235,230,2),(235,231,2),(235,232,1),(235,233,1),(239,237,1),(240,238,1),(241,237,2),(241,239,1),(242,237,2),(242,239,1),(243,237,3),(243,239,2),(243,241,1),(244,237,3),(244,239,2),(244,242,1),(248,246,1),(249,247,1),(250,247,3),(250,249,2),(250,251,1),(251,247,2),(251,249,1),(252,247,4),(252,249,3),(252,250,1),(252,251,2),(253,247,3),(253,249,2),(253,251,1),(257,256,1),(258,256,2),(258,257,1),(260,259,1),(261,259,2),(261,260,1),(262,256,2),(262,257,1),(263,256,2),(263,257,1),(266,265,1),(267,265,2),(267,266,1),(269,268,1),(270,268,2),(270,269,1),(271,265,2),(271,266,1),(272,265,2),(272,266,1),(275,274,1),(276,274,2),(276,275,1),(278,277,1),(279,277,2),(279,278,1),(280,274,2),(280,275,1),(281,274,2),(281,275,1),(284,283,1),(285,283,2),(285,284,1),(286,287,2),(286,288,1),(288,287,1),(289,283,2),(289,284,1),(290,283,2),(290,284,1),(293,292,1),(294,292,2),(294,293,1),(296,295,1),(297,295,2),(297,296,1),(298,292,2),(298,293,1),(299,292,2),(299,293,1),(302,301,1),(303,301,2),(303,302,1),(305,304,1),(306,304,2),(306,305,1),(307,301,2),(307,302,1),(308,301,2),(308,302,1),(311,310,1),(312,310,2),(312,311,1),(314,313,1),(315,313,2),(315,314,1),(316,310,2),(316,311,1),(317,310,2),(317,311,1),(320,319,1),(321,319,2),(321,320,1),(323,322,1),(324,322,2),(324,323,1),(325,319,2),(325,320,1),(326,319,2),(326,320,1),(329,328,1),(330,328,2),(330,329,1),(332,331,1),(333,331,2),(333,332,1),(334,328,2),(334,329,1),(335,328,2),(335,329,1);
/*!40000 ALTER TABLE `talentprereqs` ENABLE KEYS */;
UNLOCK TABLES;
/*!40103 SET TIME_ZONE=@OLD_TIME_ZONE */;

/*!40101 SET SQL_MODE=@OLD_SQL_MODE */;
/*!40014 SET FOREIGN_KEY_CHECKS=@OLD_FOREIGN_KEY_CHECKS */;
/*!40014 SET UNIQUE_CHECKS=@OLD_UNIQUE_CHECKS */;
/*!40101 SET CHARACTER_SET_CLIENT=@OLD_CHARACTER_SET_CLIENT */;
/*!40101 SET CHARACTER_SET_RESULTS=@OLD_CHARACTER_SET_RESULTS */;
/*!40101 SET COLLATION_CONNECTION=@OLD_COLLATION_CONNECTION */;
/*!40111 SET SQL_NOTES=@OLD_SQL_NOTES */;

-- Dump completed on 2026-04-29 19:45:03
